id,text,created_at,public_metrics,author_id,context_annotations
1644152100744572929,"A new record test fired for 5.5 minutes from a Raptor engine on the tripod test stand with thrust vector control (TVC). Chris Bergin calls this the wiggle wiggle! 

Watch LIVE: https://t.co/SlGVmyPM9i https://t.co/0spyoxP7jj",2023-04-07 01:36:22+00:00,"{'retweet_count': 128, 'reply_count': 20, 'like_count': 1040, 'quote_count': 10, 'impression_count': 217865}",457316369,"['Sports Event :\n Chennai Super Kings vs Lucknow Super Giants', 'Events [Entity Service] :\n Chennai Super Kings vs Lucknow Super Giants', 'Cricket Match :\n Chennai Super Kings vs Lucknow Super Giants']"
1644139402711695360,"#1 @ElonMusk tells @JoeRogan that he made Starship more pointy because of the movie ""The Dictator.""

üòÇüòÇüòÇ https://t.co/OhYB8fDfmi",2023-04-07 00:45:54+00:00,"{'retweet_count': 332, 'reply_count': 65, 'like_count': 2086, 'quote_count': 27, 'impression_count': 354735}",1085225533623783424,"['Business Taxonomy :\n Financial Services Business', 'Business Taxonomy :\n Technology Business', 'Person :\n Elon Musk', 'Person :\n Joe Rogan', 'Entertainment Personality :\n Joe Rogan', 'Interests and Hobbies Vertical :\n Business & finance', 'Interests and Hobbies Category :\n Leadership', 'Sports Personality :\n Joe Rogan', 'Unified Twitter Taxonomy :\n Elon Musk', 'Unified Twitter Taxonomy :\n Joe Rogan', 'Unified Twitter Taxonomy :\n Tech personalities', 'Unified Twitter Taxonomy :\n Business personalities']"
1644189468868624384,"To get Blue Check Verified for $7/month, sign up via web at https://t.co/lp7I4iQVtl @elonmusk 

 https://t.co/AAMdkeMZEm",2023-04-07 04:04:51+00:00,"{'retweet_count': 194, 'reply_count': 120, 'like_count': 947, 'quote_count': 11, 'impression_count': 148525}",1389913567671975937,"['Business Taxonomy :\n Financial Services Business', 'Business Taxonomy :\n Gaming Business', 'Business Taxonomy :\n Technology Business', 'Person :\n Elon Musk', 'Interests and Hobbies Vertical :\n Business & finance', 'Interests and Hobbies Category :\n Leadership', 'Unified Twitter Taxonomy :\n Elon Musk', 'Unified Twitter Taxonomy :\n Tech personalities', 'Unified Twitter Taxonomy :\n Business personalities']"
1643361297751310340,Estes and SpaceX have collaborated to create a highly accurate 1:100 scale flying model of the remarkable Falcon 9 rocket topped with a Dragon Crew spacecraft.,2023-04-04 21:14:00+00:00,"{'retweet_count': 133, 'reply_count': 38, 'like_count': 972, 'quote_count': 14, 'impression_count': 0}",996900373439823872,"['Entities [Entity Service] :\n Aerospace', 'Business Taxonomy :\n Automotive, Aircraft & Boat Business', 'Brand :\n SpaceX', 'Entities [Entity Service] :\n Science', 'Interests and Hobbies Category :\n Space', 'Unified Twitter Taxonomy :\n Space', 'Unified Twitter Taxonomy :\n Science', 'Unified Twitter Taxonomy :\n SpaceX', 'Unified Twitter Taxonomy :\n Space agencies & companies', 'Fields of study :\n Science', ""Events [Entity Service] :\n SpaceX's Dragon spacecraft reaches the International Space Station's robotic arm""]"
1644124549942853632,"AUSTIN, TEXAS! Excited to announce that I‚Äôm bringing my Community Bistro @TheKitchen to Austin at Sixth and Guadalupe in fall 2024 ü§† This will be our 4th location after Boulder, Denver, and Chicago. More details in üßµ‚¨áÔ∏è https://t.co/nIiluiwCPn",2023-04-06 23:46:53+00:00,"{'retweet_count': 142, 'reply_count': 231, 'like_count': 2121, 'quote_count': 33, 'impression_count': 404565}",4767021,"['Business Taxonomy :\n Food & Beverage Business', 'Cities :\n Chicago', 'Cities :\n Austin', 'States :\n Texas']"
1644133145925636098,Wonderful @kimbal ü§† @thekitchen #Austin #Texas üëèüëèüòãüòã https://t.co/WtyrLTtr6i,2023-04-07 00:21:03+00:00,"{'retweet_count': 167, 'reply_count': 198, 'like_count': 1797, 'quote_count': 14, 'impression_count': 158265}",14171401,"['Cities :\n Chicago', 'Cities :\n Austin', 'States :\n Texas']"
1644192939428696066,Watch Falcon 9 launch the @Intelsat IS-40e mission to orbit ‚Üí https://t.co/bJFjLCiTbK https://t.co/BpvIdcFzfU,2023-04-07 04:18:39+00:00,"{'retweet_count': 746, 'reply_count': 143, 'like_count': 4474, 'quote_count': 48, 'impression_count': 692010}",34743251,"['Entities [Entity Service] :\n Aerospace', 'Business Taxonomy :\n Automotive, Aircraft & Boat Business', 'Brand :\n SpaceX', 'Entities [Entity Service] :\n Science', 'Interests and Hobbies Category :\n Space', 'Unified Twitter Taxonomy :\n Space', 'Unified Twitter Taxonomy :\n Science', 'Unified Twitter Taxonomy :\n SpaceX', 'Unified Twitter Taxonomy :\n Space agencies & companies', 'Unified Twitter Taxonomy :\n Space missions', 'Fields of study :\n Science', 'Sports Event :\n Chennai Super Kings vs Lucknow Super Giants', 'Events [Entity Service] :\n Chennai Super Kings vs Lucknow Super Giants', 'Cricket Match :\n Chennai Super Kings vs Lucknow Super Giants']"
1644126544758202369,"Driving to Downtown San Francisco on Tesla Full Self-Driving Beta 11.3.4

$TSLA @elonmusk https://t.co/7AA3aaNPyf https://t.co/it6T65pfMI",2023-04-06 23:54:49+00:00,"{'retweet_count': 54, 'reply_count': 23, 'like_count': 393, 'quote_count': 6, 'impression_count': 91115}",1263491240336769026,"['Business Taxonomy :\n Automotive, Aircraft & Boat Business', 'Business Taxonomy :\n Financial Services Business', 'Business Taxonomy :\n Technology Business', 'Brand :\n Tesla Motors', 'Interests and Hobbies :\n Stocks & indices', 'Unified Twitter Taxonomy :\n Tesla Motors', 'Unified Twitter Taxonomy :\n Stocks & indices', 'Unified Twitter Taxonomy :\n S&P 500', 'Unified Twitter Taxonomy :\n $TSLA', 'Cities :\n San Francisco', 'Stocks :\n $TSLA', 'Person :\n Elon Musk', 'Entities [Entity Service] :\n Auto Manufacturer - Auto', 'Brand :\n Tesla Motors', 'Interests and Hobbies Vertical :\n Business & finance', 'Interests and Hobbies Vertical :\n Automotive', 'Interests and Hobbies Category :\n Hybrid and electric vehicles', 'Interests and Hobbies Category :\n Luxury Cars', 'Interests and Hobbies Category :\n Leadership', 'Unified Twitter Taxonomy :\n Tesla Motors', 'Unified Twitter Taxonomy :\n Elon Musk', 'Unified Twitter Taxonomy :\n Automotive', 'Unified Twitter Taxonomy :\n Tech personalities', 'Unified Twitter Taxonomy :\n Business personalities', 'Unified Twitter Taxonomy :\n Automobile Brands']"
1644062173998600192,@MiamiHerald @CommunityNotes Have at it.,2023-04-06 19:39:02+00:00,"{'retweet_count': 28, 'reply_count': 12, 'like_count': 1074, 'quote_count': 2, 'impression_count': 53320}",18379614,[]
1644128592018964481,"One of the worst sins of public health pandemic management:  it trained people to think of one another as unclean biohazards. 

This is a recipe for civilization to devolve into barbarism, with people turning against even their own friends and family. https://t.co/0twZKswF7Z https://t.co/iGH3e4aoPe",2023-04-07 00:02:57+00:00,"{'retweet_count': 847, 'reply_count': 143, 'like_count': 3273, 'quote_count': 47, 'impression_count': 350058}",1427361863830949908,"['Business Taxonomy :\n Entertainment & Leisure Business', 'Ongoing News Story :\n COVID-19', 'Unified Twitter Taxonomy :\n COVID-19', 'Events [Entity Service] :\n COVID-19: Latest news updates from around the world']"
1644122759092490241,"On Starship and what comes next: I have written about space for 20 years, and intensely for the last decade. This is a far more wonderful and wild time in space than any which has come before. There is incredible opportunity and peril. The future is unknowable but tantalizing.",2023-04-06 23:39:46+00:00,"{'retweet_count': 169, 'reply_count': 66, 'like_count': 2242, 'quote_count': 10, 'impression_count': 229660}",15726728,[]
1644181170957983744,"Too many people conflate being 'outraged' all the time with being virtuous.

Being angry 24/7 is not a flex.",2023-04-07 03:31:53+00:00,"{'retweet_count': 872, 'reply_count': 291, 'like_count': 9852, 'quote_count': 42, 'impression_count': 615669}",57441414,[]
1644156592940564481,On our way to the whole üåéüåçüåè https://t.co/rSPmWNrSQD,2023-04-07 01:54:13+00:00,"{'retweet_count': 9, 'reply_count': 9, 'like_count': 99, 'quote_count': 1, 'impression_count': 61828}",1076061,[]
1644155965904756738,"¬°Hola üá≤üáΩ y üá™üá∏! ¬°Oi üáµüáπ! Welcome to all the new contributors in Mexico, Spain and Portugal - we're glad to have you here.",2023-04-07 01:51:43+00:00,"{'retweet_count': 731, 'reply_count': 509, 'like_count': 7494, 'quote_count': 56, 'impression_count': 2553333}",1319036828964454402,[]
1644157898056974337,"@Tesla's #FSDBeta saved me from an accident just now ü§Øü§Øü§Øü§Øü§Ø!!

Ban terrible human drivers on the road &amp; all new cars don't have Autopilot as standard! 

@elonmusk @WholeMarsBlog @RealDanODowd @SawyerMerritt @28delayslater @SavedTesla @NHTSAgov $TSLA https://t.co/0FX8y0EdJz",2023-04-07 01:59:24+00:00,"{'retweet_count': 53, 'reply_count': 44, 'like_count': 336, 'quote_count': 7, 'impression_count': 70318}",1017486609707667456,"['Business Taxonomy :\n Automotive, Aircraft & Boat Business', 'Business Taxonomy :\n Financial Services Business', 'Business Taxonomy :\n Technology Business', 'Brand :\n Tesla Motors', 'Interests and Hobbies :\n Stocks & indices', 'Unified Twitter Taxonomy :\n Tesla Motors', 'Unified Twitter Taxonomy :\n Stocks & indices', 'Unified Twitter Taxonomy :\n S&P 500', 'Unified Twitter Taxonomy :\n $TSLA', 'Stocks :\n $TSLA', 'Person :\n Elon Musk', 'Brand Vertical :\n Government/Education', 'Entities [Entity Service] :\n Auto Manufacturer - Auto', 'Entities [Entity Service] :\n Non-profit - Government/Education', 'Brand :\n NHTSA', 'Brand :\n Tesla Motors', 'Interests and Hobbies Vertical :\n Business & finance', 'Interests and Hobbies Vertical :\n Automotive', 'Interests and Hobbies Category :\n Hybrid and electric vehicles', 'Interests and Hobbies Category :\n Luxury Cars', 'Interests and Hobbies Category :\n Leadership', 'Unified Twitter Taxonomy :\n Tesla Motors', 'Unified Twitter Taxonomy :\n Elon Musk', 'Unified Twitter Taxonomy :\n Automotive', 'Unified Twitter Taxonomy :\n Tech personalities', 'Unified Twitter Taxonomy :\n Business personalities', 'Unified Twitter Taxonomy :\n Automobile Brands', 'Brand :\n Tesla Motors', 'Events [Entity Service] :\n Cheddar']"
1644119815097925633,@westcoastbill https://t.co/cfmoMyHsFu,2023-04-06 23:28:04+00:00,"{'retweet_count': 17, 'reply_count': 22, 'like_count': 195, 'quote_count': 4, 'impression_count': 11264}",1495273046390804484,[]
1644020564179165188,"""Walking through darkness with thoughts full of colors"".
-Prajakta Mhadnak https://t.co/FcZVIwwjjE",2023-04-06 16:53:41+00:00,"{'retweet_count': 38, 'reply_count': 33, 'like_count': 343, 'quote_count': 6, 'impression_count': 46281}",2178040394,[]
1644109286728163328,the most fun thing about having a large twitter account is you can help boost other people‚Äôs funny and awesome content just by liking and replying,2023-04-06 22:46:14+00:00,"{'retweet_count': 137, 'reply_count': 483, 'like_count': 2490, 'quote_count': 15, 'impression_count': 178533}",30699048,['Brand :\n Twitter']
1643952143655641088,"Words I‚Äôve been waiting to hear since September 27, 2016‚Ä¶ I was at the Intenational Aeronautical Conference in Guadalajara Mexico and saw @elonmusk reveal their next generation mega rocket. Incredible, we‚Äôre so close to finally seeing it fly üòç https://t.co/JKQznXlDmG",2023-04-06 12:21:48+00:00,"{'retweet_count': 209, 'reply_count': 68, 'like_count': 3615, 'quote_count': 7, 'impression_count': 392603}",3167257102,"['Person :\n Everyday Astronaut', 'Business Taxonomy :\n Financial Services Business', 'Business Taxonomy :\n Technology Business', 'Digital Creator :\n Everyday Astronaut', 'Unified Twitter Taxonomy :\n Digital creators', 'Unified Twitter Taxonomy :\n Everyday Astronaut', 'Person :\n Elon Musk', 'Interests and Hobbies Vertical :\n Business & finance', 'Interests and Hobbies Category :\n Leadership', 'Unified Twitter Taxonomy :\n Elon Musk', 'Unified Twitter Taxonomy :\n Tech personalities', 'Unified Twitter Taxonomy :\n Business personalities']"
1644070441903071232,BREAKING: Elon Musk now has a Twitter affiliate badge  Ó®Ä @elonmusk https://t.co/WT0B6yLWKA,2023-04-06 20:11:53+00:00,"{'retweet_count': 3859, 'reply_count': 954, 'like_count': 80761, 'quote_count': 328, 'impression_count': 7240242}",1389913567671975937,"['Business Taxonomy :\n Financial Services Business', 'Business Taxonomy :\n Technology Business', 'Person :\n Elon Musk', 'Brand :\n Twitter', 'Interests and Hobbies Vertical :\n Business & finance', 'Interests and Hobbies Category :\n Leadership', 'Unified Twitter Taxonomy :\n Elon Musk', 'Unified Twitter Taxonomy :\n Tech personalities', 'Unified Twitter Taxonomy :\n Business personalities']"
1643958003056406531,Twitter is like a once pleasant neighborhood that's turned grungy and a little ominous.,2023-04-06 12:45:05+00:00,"{'retweet_count': 3288, 'reply_count': 18828, 'like_count': 35972, 'quote_count': 1169, 'impression_count': 6220924}",2233154425,"['Person :\n Stephen King', 'Brand :\n Twitter', 'Entertainment Personality :\n Stephen King', 'Unified Twitter Taxonomy :\n Stephen King']"
1643459349740929024,Did you know @elonmusk is an alien? üëΩ https://t.co/eL2wfeeu9a,2023-04-05 03:43:37+00:00,"{'retweet_count': 120, 'reply_count': 193, 'like_count': 994, 'quote_count': 33, 'impression_count': 103644}",1016059981907386368,"['Brand Vertical :\n Transportation', 'Business Taxonomy :\n Financial Services Business', 'Business Taxonomy :\n Technology Business', 'Business Taxonomy :\n Travel & Transportation Business', 'Unified Twitter Taxonomy :\n Transportation', 'Unified Twitter Taxonomy :\n Travel', 'Person :\n Elon Musk', 'Interests and Hobbies Vertical :\n Business & finance', 'Interests and Hobbies Category :\n Leadership', 'Unified Twitter Taxonomy :\n Elon Musk', 'Unified Twitter Taxonomy :\n Tech personalities', 'Unified Twitter Taxonomy :\n Business personalities']"
1644098033871732740,uranus here we come!!! https://t.co/OA0696uAJI,2023-04-06 22:01:31+00:00,"{'retweet_count': 19, 'reply_count': 26, 'like_count': 186, 'quote_count': 4, 'impression_count': 92231}",692023,[]
1643860090229800960,"Maye Musk visited Tesla's factory in Shanghai üá®üá≥üè≠

@Tesla_Asia @elonmusk @mayemusk
https://t.co/SWNgjyfpmM",2023-04-06 06:16:01+00:00,"{'retweet_count': 127, 'reply_count': 79, 'like_count': 1070, 'quote_count': 13, 'impression_count': 78360}",1198495865301864448,"['Business Taxonomy :\n Automotive, Aircraft & Boat Business', 'Business Taxonomy :\n Financial Services Business', 'Business Taxonomy :\n Gaming Business', 'Business Taxonomy :\n Technology Business', 'Person :\n Elon Musk', 'Entities [Entity Service] :\n Auto Manufacturer - Auto', 'Brand :\n Tesla Motors', 'Interests and Hobbies Vertical :\n Business & finance', 'Interests and Hobbies Vertical :\n Automotive', 'Interests and Hobbies Category :\n Hybrid and electric vehicles', 'Interests and Hobbies Category :\n Luxury Cars', 'Interests and Hobbies Category :\n Leadership', 'Unified Twitter Taxonomy :\n Tesla Motors', 'Unified Twitter Taxonomy :\n Elon Musk', 'Unified Twitter Taxonomy :\n Automotive', 'Unified Twitter Taxonomy :\n Tech personalities', 'Unified Twitter Taxonomy :\n Business personalities', 'Unified Twitter Taxonomy :\n Automobile Brands']"
1644024680066457613,"First road trip in the Tesla Model 3 Performance. ü§© 

Florida to South Carolina. 600 miles is no problem with Tesla Autopilot and the Supercharger Network. üí™ https://t.co/2EttE6y1dJ",2023-04-06 17:10:02+00:00,"{'retweet_count': 55, 'reply_count': 153, 'like_count': 916, 'quote_count': 17, 'impression_count': 1654754}",1447963180567863314,"['Business Taxonomy :\n Automotive, Aircraft & Boat Business', 'Business Taxonomy :\n Travel & Transportation Business', 'Entities [Entity Service] :\n Travel', 'Interests and Hobbies :\n Adventure travel', 'Unified Twitter Taxonomy :\n Road trips', 'States :\n South Carolina', 'Travel :\n Road trips', 'Entities [Entity Service] :\n Auto Manufacturer - Auto', 'Brand :\n Tesla Motors', 'Product :\n Tesla - Model 3', 'Entities [Entity Service] :\n Travel', 'Interests and Hobbies Vertical :\n Automotive', 'Interests and Hobbies Category :\n Hybrid and electric vehicles', 'Interests and Hobbies Category :\n Luxury Cars', 'Interests and Hobbies :\n Travel Actions', 'Unified Twitter Taxonomy :\n Tesla Motors', 'Unified Twitter Taxonomy :\n Automotive', 'Unified Twitter Taxonomy :\n Automobile Brands', 'States :\n Florida']"
1644080173623435264,"BREAKING: @Tesla Co-Founder and current Redwood Materials Founder/CEO, JB Straubel, has been nominated to Tesla's Board of Directors, according to a new filing. 

Much deserved! https://t.co/StBtTmjx6H",2023-04-06 20:50:33+00:00,"{'retweet_count': 499, 'reply_count': 292, 'like_count': 5772, 'quote_count': 112, 'impression_count': 738536}",243013409,"['Business Taxonomy :\n Automotive, Aircraft & Boat Business', 'Entities [Entity Service] :\n Auto Manufacturer - Auto', 'Brand :\n Tesla Motors', 'Interests and Hobbies Vertical :\n Automotive', 'Interests and Hobbies Category :\n Hybrid and electric vehicles', 'Interests and Hobbies Category :\n Luxury Cars', 'Unified Twitter Taxonomy :\n Tesla Motors', 'Unified Twitter Taxonomy :\n Automotive', 'Unified Twitter Taxonomy :\n Automobile Brands']"
1644071709924794371,"I've always chosen the non-standard path through life. For a long time I was ashamed of this, of being weird, but I've started to see that ""weird"" is the edge of human civilization creating something new. So, be weird and be kind, the universe is waiting to see what we create.",2023-04-06 20:16:55+00:00,"{'retweet_count': 1565, 'reply_count': 818, 'like_count': 13933, 'quote_count': 174, 'impression_count': 1030701}",427089628,"['Person :\n Lex Fridman', 'Business Taxonomy :\n Technology Business', 'Unified Twitter Taxonomy :\n Tech personalities', 'Unified Twitter Taxonomy :\n Lex Fridman']"
1643962882168868869,Value investing in venture is like restricting your search for your lost keys under only brightly lit street lamps.,2023-04-06 13:04:29+00:00,"{'retweet_count': 43, 'reply_count': 35, 'like_count': 482, 'quote_count': 9, 'impression_count': 264185}",11768582,['Business Taxonomy :\n Financial Services Business']
1644042377655631874,Amazing watching all these news publications claim Twitter is turning into shit while I've never enjoyed the platform more lol,2023-04-06 18:20:22+00:00,"{'retweet_count': 59, 'reply_count': 98, 'like_count': 976, 'quote_count': 7, 'impression_count': 129200}",17862108,[]
1643984586551234562,"[on early Tesla days] ‚ÄúI went down to zero cash or sellable assets in 2008/2009, had no house &amp; had to borrow money from friends to pay rent.‚Äù

| Elon Musk",2023-04-06 14:30:43+00:00,"{'retweet_count': 671, 'reply_count': 380, 'like_count': 6704, 'quote_count': 62, 'impression_count': 1257779}",1495956968640421893,"['Business Taxonomy :\n Automotive, Aircraft & Boat Business', 'Business Taxonomy :\n Financial Services Business', 'Business Taxonomy :\n Technology Business', 'Person :\n Elon Musk', 'Entities [Entity Service] :\n Auto Manufacturer - Auto', 'Brand :\n Tesla Motors', 'Interests and Hobbies Vertical :\n Business & finance', 'Interests and Hobbies Vertical :\n Automotive', 'Interests and Hobbies Category :\n Hybrid and electric vehicles', 'Interests and Hobbies Category :\n Luxury Cars', 'Interests and Hobbies Category :\n Leadership', 'Unified Twitter Taxonomy :\n Tesla Motors', 'Unified Twitter Taxonomy :\n Elon Musk', 'Unified Twitter Taxonomy :\n Automotive', 'Unified Twitter Taxonomy :\n Tech personalities', 'Unified Twitter Taxonomy :\n Business personalities', 'Unified Twitter Taxonomy :\n Automobile Brands']"
1644013222540746757,Indoor mall aquarium. ü¶à https://t.co/TbAfpYva7j,2023-04-06 16:24:31+00:00,"{'retweet_count': 33, 'reply_count': 58, 'like_count': 723, 'quote_count': 5, 'impression_count': 114228}",57441414,[]
1643947008305102849,"‚ÄúProfit just means that people are paying you more for whatever you‚Äôre doing than you‚Äôre spending to create it. That‚Äôs a good thing. And if that‚Äôs not the case you‚Äôll be out of business and rightfully so, because you‚Äôre not adding enough value.‚Äù

| Elon Musk",2023-04-06 12:01:24+00:00,"{'retweet_count': 144, 'reply_count': 123, 'like_count': 1112, 'quote_count': 25, 'impression_count': 147370}",1495956968640421893,"['Business Taxonomy :\n Financial Services Business', 'Business Taxonomy :\n Technology Business', 'Person :\n Elon Musk', 'Interests and Hobbies Vertical :\n Business & finance', 'Interests and Hobbies Category :\n Leadership', 'Unified Twitter Taxonomy :\n Elon Musk', 'Unified Twitter Taxonomy :\n Tech personalities', 'Unified Twitter Taxonomy :\n Business personalities']"
1644066270906667017,This is the right move as Twitter continues to merge Twitter Blue with Legacy Verified,2023-04-06 19:55:18+00:00,"{'retweet_count': 15, 'reply_count': 11, 'like_count': 193, 'quote_count': 1, 'impression_count': 18749}",752567226,"['Entities [Entity Service] :\n Services', 'Brand :\n Twitter', 'Product :\n Twitter Blue', 'Unified Twitter Taxonomy :\n Twitter Blue', 'Technology :\n Social media', 'Brand :\n Twitter']"
1644016565778612227,"Happy Thursday üßÉü•™
I had so much fun writing this article and going over the weeks‚Äô Twitter updates. Hope you enjoy! 

Twitter is Transforming Fast: 5 Main Changes from the Past Week ‚Äì What's Up Twitter ‚ú® https://t.co/FnC6VKfflv",2023-04-06 16:37:48+00:00,"{'retweet_count': 43, 'reply_count': 21, 'like_count': 276, 'quote_count': 6, 'impression_count': 153186}",1233929232432205827,['Brand :\n Twitter']
1644058227015929856,You are currently using an app named ‚ÄúTitter‚Äù and this is it‚Äôs logo https://t.co/Tl9jyJhEhr,2023-04-06 19:23:21+00:00,"{'retweet_count': 317, 'reply_count': 286, 'like_count': 3044, 'quote_count': 34, 'impression_count': 436988}",1355945100216573952,[]
1644050332568416256,@elonmusk Tesla Autopilot and FSD are probably the largest data flywheels for robotics in history. Massive-scale reinforcement learning from human feedback in the physical world! https://t.co/gwH51hHPRl,2023-04-06 18:51:58+00:00,"{'retweet_count': 27, 'reply_count': 17, 'like_count': 239, 'quote_count': 6, 'impression_count': 76118}",1007413134,"['Business Taxonomy :\n Automotive, Aircraft & Boat Business', 'Business Taxonomy :\n Financial Services Business', 'Business Taxonomy :\n Technology Business', 'Entities [Entity Service] :\n Technology', 'Entities [Entity Service] :\n Robotics', 'Unified Twitter Taxonomy :\n Robotics', 'Person :\n Elon Musk', 'Entities [Entity Service] :\n Auto Manufacturer - Auto', 'Brand :\n Tesla Motors', 'Interests and Hobbies Vertical :\n Business & finance', 'Interests and Hobbies Vertical :\n Automotive', 'Interests and Hobbies Category :\n Hybrid and electric vehicles', 'Interests and Hobbies Category :\n Luxury Cars', 'Interests and Hobbies Category :\n Leadership', 'Unified Twitter Taxonomy :\n Tesla Motors', 'Unified Twitter Taxonomy :\n Elon Musk', 'Unified Twitter Taxonomy :\n Automotive', 'Unified Twitter Taxonomy :\n Tech personalities', 'Unified Twitter Taxonomy :\n Business personalities', 'Unified Twitter Taxonomy :\n Automobile Brands']"
1643979291674419200,"Uranus has never looked better. Really. 

Only Voyager 2 and Keck (with adaptive optics) have imaged the planet's faintest rings before, and never as clearly as Webb‚Äôs first glimpse at this ice giant, which also highlights bright atmospheric features.  https://t.co/aE3rJIqVKy https://t.co/RZElIRkudl",2023-04-06 14:09:41+00:00,"{'retweet_count': 6346, 'reply_count': 1124, 'like_count': 35150, 'quote_count': 1273, 'impression_count': 5778534}",29472803,"['Entities [Entity Service] :\n Aerospace', 'Business Taxonomy :\n Automotive, Aircraft & Boat Business', 'Business Taxonomy :\n Textile, Apparel & Luxury Good Business', 'Business Taxonomy :\n Travel & Transportation Business', 'Brand :\n NASA', 'Entities [Entity Service] :\n Science', 'Interests and Hobbies Category :\n Space', 'Unified Twitter Taxonomy :\n Space', 'Unified Twitter Taxonomy :\n Science', 'Unified Twitter Taxonomy :\n NASA', 'Unified Twitter Taxonomy :\n Space agencies & companies', 'Unified Twitter Taxonomy :\n Space telescopes', 'Unified Twitter Taxonomy :\n Solar System', 'Unified Twitter Taxonomy :\n James Webb Space Telescope', 'Fields of study :\n Science', 'Entities [Entity Service] :\n Travel', 'Interests and Hobbies :\n Travel Actions']"
1643947285951180800,"Good Morning Everyone! Janet Yellen testified before the Senate Finance Committee that she‚Äôs not concerned about U.S debt soaring from $32 trillion to $50 trillion ‚Äúas long as we‚Äôre on a sustainable fiscal course‚Äù.¬†

Newsflash, we‚Äôre not on a sustainable course. https://t.co/nHQSQNMQUX",2023-04-06 12:02:30+00:00,"{'retweet_count': 1905, 'reply_count': 594, 'like_count': 12904, 'quote_count': 217, 'impression_count': 1365803}",1281457267582177280,"['Person :\n Janet Yellen', 'Business Taxonomy :\n Financial Services Business', 'Interests and Hobbies Vertical :\n Business & finance', 'Interests and Hobbies Vertical :\n Business & finance', 'Interests and Hobbies Category :\n Personal finance', 'Entities [Entity Service] :\n Retirement planning', 'Interests and Hobbies :\n Saving and finance', 'Political Body :\n United States Congress', 'Unified Twitter Taxonomy :\n Politics', 'Unified Twitter Taxonomy :\n United States Congress', 'Unified Twitter Taxonomy :\n Government institutions', 'Unified Twitter Taxonomy :\n Janet Yellen', 'Interests and Hobbies Vertical :\n Business & finance', 'Interests and Hobbies Vertical :\n Business & finance', 'Interests and Hobbies Category :\n Personal finance', 'Interests and Hobbies :\n Credit, debt and loans', 'Political Body :\n United States Senate', 'Political Body :\n United States Congress', 'Unified Twitter Taxonomy :\n Politics', 'Unified Twitter Taxonomy :\n United States Senate', 'Unified Twitter Taxonomy :\n Government institutions']"
1644015317734285313,How to control what data is shared by your Tesla @elonmusk https://t.co/v87V6r1Bg5,2023-04-06 16:32:50+00:00,"{'retweet_count': 44, 'reply_count': 26, 'like_count': 395, 'quote_count': 6, 'impression_count': 118407}",1263491240336769026,"['Business Taxonomy :\n Automotive, Aircraft & Boat Business', 'Business Taxonomy :\n Financial Services Business', 'Business Taxonomy :\n Technology Business', 'Person :\n Elon Musk', 'Entities [Entity Service] :\n Auto Manufacturer - Auto', 'Brand :\n Tesla Motors', 'Interests and Hobbies Vertical :\n Business & finance', 'Interests and Hobbies Vertical :\n Automotive', 'Interests and Hobbies Category :\n Hybrid and electric vehicles', 'Interests and Hobbies Category :\n Luxury Cars', 'Interests and Hobbies Category :\n Leadership', 'Unified Twitter Taxonomy :\n Tesla Motors', 'Unified Twitter Taxonomy :\n Elon Musk', 'Unified Twitter Taxonomy :\n Automotive', 'Unified Twitter Taxonomy :\n Tech personalities', 'Unified Twitter Taxonomy :\n Business personalities', 'Unified Twitter Taxonomy :\n Automobile Brands']"
1643921733743783937,Flying the mountains in Norway üá≥üá¥https://t.co/aZa2K7Wv3H,2023-04-06 10:20:58+00:00,"{'retweet_count': 970, 'reply_count': 187, 'like_count': 8815, 'quote_count': 93, 'impression_count': 486725}",1376473924842758147,[]
1643888991291449346,"NORWAY üá≥üá¥
#feyaja #topchef #FNAFMovie #Doge #CopaDelRey #BlueAiva https://t.co/gm4mtV9Trd",2023-04-06 08:10:52+00:00,"{'retweet_count': 73, 'reply_count': 31, 'like_count': 407, 'quote_count': 18, 'impression_count': 58890}",1317102837390692353,"['TV Shows :\n Top Chef', 'TV Shows :\n Copa del Rey', 'TV Shows :\n F√∫tbol: Copa del Rey', 'Sports League :\n Copa del Rey', 'Business Taxonomy :\n Entertainment & Leisure Business', 'Business Taxonomy :\n Financial Services Business', 'Business Taxonomy :\n Sports & Fitness Business', 'Entities [Entity Service] :\n Dogecoin cryptocurrency', 'Interests and Hobbies Category :\n Cryptocurrencies', 'Unified Twitter Taxonomy :\n Copa del Rey', 'Unified Twitter Taxonomy :\n Soccer', 'Unified Twitter Taxonomy :\n Sports', 'Unified Twitter Taxonomy :\n Cryptocurrencies', 'Unified Twitter Taxonomy :\n Television', 'Unified Twitter Taxonomy :\n Dogecoin cryptocurrency', 'Unified Twitter Taxonomy :\n Competition shows', 'Unified Twitter Taxonomy :\n Cooking competition', 'Unified Twitter Taxonomy :\n Top Chef', 'Unified Twitter Taxonomy :\n Cryptocoins', 'Unified Twitter Taxonomy :\n Digital asset industry', 'Unified Twitter Taxonomy :\n Digital assets & cryptocurrency', 'Global TV Show :\n Top Chef', 'Digital Assets & Crypto :\n Dogecoin cryptocurrency']"
1644047943010508810,@notthreadguy i made a guy eating an apple riding a shark https://t.co/4aCnm3nCG6,2023-04-06 18:42:29+00:00,"{'retweet_count': 20, 'reply_count': 36, 'like_count': 246, 'quote_count': 2, 'impression_count': 14988}",30699048,[]
1644040425731158041,"Uranus. (Go ahead, get it out of your system. We tried.)‚Å£

Only Voyager 2 in the 1980s &amp; Keck (with adaptive optics) have imaged the planet's rings before, and they've never been this clear. @NASAWebb highlights atmospheric features &amp; 11 of its 13 rings: https://t.co/oWpw1ekldE https://t.co/m5upNQKEEX",2023-04-06 18:12:36+00:00,"{'retweet_count': 3452, 'reply_count': 668, 'like_count': 23067, 'quote_count': 439, 'impression_count': 3761903}",11348282,"['Entities [Entity Service] :\n Aerospace', 'Business Taxonomy :\n Automotive, Aircraft & Boat Business', 'Business Taxonomy :\n Textile, Apparel & Luxury Good Business', 'Business Taxonomy :\n Travel & Transportation Business', 'Brand :\n NASA', 'Entities [Entity Service] :\n Science', 'Interests and Hobbies Category :\n Space', 'Unified Twitter Taxonomy :\n Space', 'Unified Twitter Taxonomy :\n Science', 'Unified Twitter Taxonomy :\n NASA', 'Unified Twitter Taxonomy :\n Space agencies & companies', 'Unified Twitter Taxonomy :\n Space telescopes', 'Unified Twitter Taxonomy :\n Solar System', 'Unified Twitter Taxonomy :\n James Webb Space Telescope', 'Fields of study :\n Science', 'Entities [Entity Service] :\n Travel', 'Interests and Hobbies :\n Travel Actions']"
1644037623806062608,üëÄüöÄ https://t.co/BC7gVujkvc,2023-04-06 18:01:28+00:00,"{'retweet_count': 38, 'reply_count': 14, 'like_count': 229, 'quote_count': 1, 'impression_count': 93439}",692023,"['Brand :\n Apple', 'Product :\n Apple App Store', 'News Vertical :\n US national news', 'News Vertical :\n France national news', 'News Vertical :\n South Africa national news', 'News Vertical :\n Germany national news', 'News Vertical :\n Australia national news', 'News Vertical :\n UK national news', 'News Vertical :\n Russia national news', 'News Vertical :\n United Arab Emirates national news', 'News Vertical :\n Italy national news', 'News Vertical :\n New Zealand national news', 'Unified Twitter Taxonomy :\n US national news', 'Unified Twitter Taxonomy :\n France national news', 'Unified Twitter Taxonomy :\n South Africa national news', 'Unified Twitter Taxonomy :\n Germany national news', 'Unified Twitter Taxonomy :\n Gulf News', 'Unified Twitter Taxonomy :\n Australia national news', 'Unified Twitter Taxonomy :\n UK national news', 'Unified Twitter Taxonomy :\n Social media', 'Unified Twitter Taxonomy :\n Africa', 'Unified Twitter Taxonomy :\n Russia national news', 'Unified Twitter Taxonomy :\n United Arab Emirates national news', 'Unified Twitter Taxonomy :\n Italy national news', 'Unified Twitter Taxonomy :\n New Zealand national news', 'Technology :\n Social media', 'Entities [Entity Service] :\n Services', 'Brand :\n Twitter', 'Brand :\n App Store', 'Unified Twitter Taxonomy :\n Twitter']"
1644022917863186451,"I do enjoy a good FinTwit debate every once in a while.

Fun to go hard in the paint as @modestproposal1 likes to say.  And generally helpful.

The semi ones are my favorites though.

And as always, activity here helps me do less elsewhere which is sometimes the wisest course. https://t.co/ctf5WO8MCc",2023-04-06 17:03:02+00:00,"{'retweet_count': 8, 'reply_count': 9, 'like_count': 127, 'quote_count': 1, 'impression_count': 143712}",340387261,[]
1643964682359775236,Looks beautiful ü§© https://t.co/l78kMR7quf,2023-04-06 13:11:38+00:00,"{'retweet_count': 553, 'reply_count': 482, 'like_count': 6534, 'quote_count': 52, 'impression_count': 636155}",14171401,[]
1644036689940164608,"Twitter is the #1 news app on the AppStore in:

United States üá∫üá∏ Australia üá¶üá∫ Germany üá©üá™ France üá´üá∑ United Kingdom üá¨üáß United Arab Emirates üá¶üá™ India üáÆüá≥ Japan üáØüáµ Norway üá≥üá¥ New Zealand üá≥üáø South Africa üáøüá¶ Singapore üá∏üá¨ Russia üá∑üá∫ Italy üáÆüáπ Zimbabwe üáøüáº Venezuela üáªüá™ Uzbekistan üá∫üáø Uganda üá∫üá¨‚Ä¶ https://t.co/ZMZjNW96mp https://t.co/XXDYmY6obd",2023-04-06 17:57:46+00:00,"{'retweet_count': 1975, 'reply_count': 812, 'like_count': 17744, 'quote_count': 132, 'impression_count': 1908132}",1389913567671975937,"['Brand :\n Apple', 'Product :\n Apple App Store', 'News Vertical :\n US national news', 'News Vertical :\n France national news', 'News Vertical :\n South Africa national news', 'News Vertical :\n Germany national news', 'News Vertical :\n Australia national news', 'News Vertical :\n UK national news', 'News Vertical :\n Russia national news', 'News Vertical :\n United Arab Emirates national news', 'News Vertical :\n Italy national news', 'News Vertical :\n New Zealand national news', 'Unified Twitter Taxonomy :\n US national news', 'Unified Twitter Taxonomy :\n France national news', 'Unified Twitter Taxonomy :\n South Africa national news', 'Unified Twitter Taxonomy :\n Germany national news', 'Unified Twitter Taxonomy :\n Gulf News', 'Unified Twitter Taxonomy :\n Australia national news', 'Unified Twitter Taxonomy :\n UK national news', 'Unified Twitter Taxonomy :\n Social media', 'Unified Twitter Taxonomy :\n Africa', 'Unified Twitter Taxonomy :\n Russia national news', 'Unified Twitter Taxonomy :\n United Arab Emirates national news', 'Unified Twitter Taxonomy :\n Italy national news', 'Unified Twitter Taxonomy :\n New Zealand national news', 'Technology :\n Social media', 'Entities [Entity Service] :\n Services', 'Brand :\n Twitter', 'Brand :\n App Store', 'Unified Twitter Taxonomy :\n Twitter']"
1644035194448646144,"a truly good friend, while always supportive, will let you know when you‚Äôre taking things too far, for your own benefit 

a truly good ‚Äútribe‚Äù member should do the same. when people are taking things too far, they should be the first to help reel it back, in a supportive way",2023-04-06 17:51:49+00:00,"{'retweet_count': 515, 'reply_count': 305, 'like_count': 5370, 'quote_count': 33, 'impression_count': 605839}",30699048,[]
1642004659014361088,@TrungTPhan @elonmusk Soon https://t.co/dBA43Wqbea,2023-04-01 03:23:12+00:00,"{'retweet_count': 12, 'reply_count': 15, 'like_count': 167, 'quote_count': 1, 'impression_count': 67429}",28369153,"['Business Taxonomy :\n Financial Services Business', 'Business Taxonomy :\n Gaming Business', 'Business Taxonomy :\n Technology Business', 'Person :\n Elon Musk', 'Interests and Hobbies Vertical :\n Business & finance', 'Interests and Hobbies Category :\n Leadership', 'Unified Twitter Taxonomy :\n Elon Musk', 'Unified Twitter Taxonomy :\n Tech personalities', 'Unified Twitter Taxonomy :\n Business personalities']"
1643973029775683584,"üö®The UK just announced it wants to force farmers to feed their cows red seaweed based ‚Äòmethane blockers‚Äô to stop them from farting and burping.

Guess who invested $12m into a company that produces red seaweed methane blockers 2 months ago?

Bill Gates.

Are you waking up yet? https://t.co/DCamurbMAi",2023-04-06 13:44:48+00:00,"{'retweet_count': 17725, 'reply_count': 2449, 'like_count': 46399, 'quote_count': 1089, 'impression_count': 5517387}",980516212059856901,"['Business Taxonomy :\n Financial Services Business', 'Person :\n Bill Gates', 'Interests and Hobbies Vertical :\n Business & finance', 'Interests and Hobbies Vertical :\n Business & finance', 'Entities [Entity Service] :\n Technology', 'Unified Twitter Taxonomy :\n Bill Gates', 'Unified Twitter Taxonomy :\n Business personalities']"
1644012983889035266,"Remember what @elonmusk and @DavidSacks said about üá∫üá¶üá∑üá∫ war a year ago, and got attacked by everyone? https://t.co/cLaefDakbs",2023-04-06 16:23:34+00:00,"{'retweet_count': 84, 'reply_count': 56, 'like_count': 748, 'quote_count': 9, 'impression_count': 757618}",801203059359678464,"['Business Taxonomy :\n Financial Services Business', 'Business Taxonomy :\n Technology Business', 'Person :\n Elon Musk', 'Interests and Hobbies Vertical :\n Business & finance', 'Interests and Hobbies Category :\n Leadership', 'Unified Twitter Taxonomy :\n Elon Musk', 'Unified Twitter Taxonomy :\n Tech personalities', 'Unified Twitter Taxonomy :\n Business personalities']"
1643942002151628800,BREAKING: Twitter rolling out 50% less ads and visibility boost for Twitter Blue subscribers üëÄ https://t.co/42eIUp69IA,2023-04-06 11:41:30+00:00,"{'retweet_count': 132, 'reply_count': 84, 'like_count': 1256, 'quote_count': 19, 'impression_count': 383092}",752567226,"['Entities [Entity Service] :\n Services', 'Brand :\n Twitter', 'Product :\n Twitter Blue', 'Unified Twitter Taxonomy :\n Twitter Blue', 'Technology :\n Social media', 'Brand :\n Twitter']"
1643985096968667136,"NEWS: Multiple Media organizations roll out affiliate badges. 

Time, CBS News, ABC News Al Jazeera, and Telegraph join others media organizations that have already rolled out affiliate badges. https://t.co/nZUnPy3aAj",2023-04-06 14:32:45+00:00,"{'retweet_count': 272, 'reply_count': 83, 'like_count': 2385, 'quote_count': 22, 'impression_count': 1039431}",752567226,"['Brand Vertical :\n Entertainment', 'Entities [Entity Service] :\n TV/Movies Related - Entertainment', 'Business Taxonomy :\n Publisher & News Business', 'Brand :\n ABC News', 'Brand :\n Al Jazeera', 'Brand :\n CBS', 'Brand :\n CBS News', 'Unified Twitter Taxonomy :\n News', 'Unified Twitter Taxonomy :\n ABC News', 'Unified Twitter Taxonomy :\n News outlets', 'Unified Twitter Taxonomy :\n CBS News']"
1643709861790621696,"'PROPAGANDA MACHINE': Joe Rogan blasts the media for not covering Biden's missteps, claims it's lost ""its hold over the narrative."" https://t.co/pU3ouTdnHT https://t.co/hpmmHbvKTB",2023-04-05 20:19:04+00:00,"{'retweet_count': 2589, 'reply_count': 920, 'like_count': 21077, 'quote_count': 106, 'impression_count': 2388431}",1367531,"['Person :\n Joe Biden', 'Politician :\n Joe Biden', 'Brand Vertical :\n Entertainment', 'Entities [Entity Service] :\n TV/Movies Related - Entertainment', 'Business Taxonomy :\n Publisher & News Business', 'Brand :\n Fox News', 'News Vertical :\n US Political News', 'Unified Twitter Taxonomy :\n Joe Biden', 'Unified Twitter Taxonomy :\n Politics', 'Unified Twitter Taxonomy :\n News', 'Unified Twitter Taxonomy :\n Fox News', 'Unified Twitter Taxonomy :\n Political figures', 'Unified Twitter Taxonomy :\n News outlets', 'Unified Twitter Taxonomy :\n US Political News', 'Person :\n Joe Rogan', 'Entertainment Personality :\n Joe Rogan', 'Sports Personality :\n Joe Rogan', 'Unified Twitter Taxonomy :\n Joe Rogan', 'Events [Entity Service] :\n NZ roadmap']"
1643850818834116608,"Maye Musk visited Tesla's Shanghai üá®üá≥mega-factory and followed the front-line employees to feel the ""Shanghai speed"" ‚ö°Ô∏è

""Come to this factory and see how beautifully everything is produced, and the quality and the enthusiasm, it makes me so happy‚Äú 

@mayemusk @elonmusk üí™üèª https://t.co/YQTrfvLi8d",2023-04-06 05:39:11+00:00,"{'retweet_count': 92, 'reply_count': 47, 'like_count': 742, 'quote_count': 12, 'impression_count': 89579}",1305028419214815232,"['Business Taxonomy :\n Automotive, Aircraft & Boat Business', 'Business Taxonomy :\n Financial Services Business', 'Business Taxonomy :\n Technology Business', 'Person :\n Elon Musk', 'Entities [Entity Service] :\n Auto Manufacturer - Auto', 'Brand :\n Tesla Motors', 'Interests and Hobbies Vertical :\n Business & finance', 'Interests and Hobbies Vertical :\n Automotive', 'Interests and Hobbies Category :\n Hybrid and electric vehicles', 'Interests and Hobbies Category :\n Luxury Cars', 'Interests and Hobbies Category :\n Leadership', 'Unified Twitter Taxonomy :\n Tesla Motors', 'Unified Twitter Taxonomy :\n Elon Musk', 'Unified Twitter Taxonomy :\n Automotive', 'Unified Twitter Taxonomy :\n Tech personalities', 'Unified Twitter Taxonomy :\n Business personalities', 'Unified Twitter Taxonomy :\n Automobile Brands']"
1643579537609879552,"It's hard to change a person's mind using facts due to ""motivated reasoning""

People often believe what they want, then use unsubstantial evidence to support it, even when there's an abundance of information disproving their point",2023-04-05 11:41:12+00:00,"{'retweet_count': 735, 'reply_count': 107, 'like_count': 2678, 'quote_count': 131, 'impression_count': 851249}",95023423,['Viral Accounts :\n UberFacts']
1643824906570973184,"TESLA MASTER PLAN - PART 3

Find it here

https://t.co/U0HvF5SJcV https://t.co/HgXREpOYfp",2023-04-06 03:56:13+00:00,"{'retweet_count': 67, 'reply_count': 18, 'like_count': 544, 'quote_count': 2, 'impression_count': 207631}",52370117,"['Business Taxonomy :\n Automotive, Aircraft & Boat Business', 'Entities [Entity Service] :\n Auto Manufacturer - Auto', 'Brand :\n Tesla Motors', 'Interests and Hobbies Vertical :\n Automotive', 'Interests and Hobbies Category :\n Hybrid and electric vehicles', 'Interests and Hobbies Category :\n Luxury Cars', 'Unified Twitter Taxonomy :\n Tesla Motors', 'Unified Twitter Taxonomy :\n Automotive', 'Unified Twitter Taxonomy :\n Automobile Brands']"
1643893809602863104,"With so many different triggers, migraines can be difficult to treat. But a new clinical trial by Yeshiva University shows promising results with an unconventional treatment. https://t.co/3Axr6LrRQO",2023-04-06 08:30:00+00:00,"{'retweet_count': 21, 'reply_count': 21, 'like_count': 140, 'quote_count': 6, 'impression_count': 69823}",15012486,"['Brand :\n CBS', 'Brand :\n CBS News', 'Unified Twitter Taxonomy :\n CBS News']"
1643746447752577024,"A happy Passover to everyone celebrating in New York, across America, and around the world! Chag Sameach!",2023-04-05 22:44:27+00:00,"{'retweet_count': 179, 'reply_count': 587, 'like_count': 1320, 'quote_count': 16, 'impression_count': 412843}",17494010,"['Person :\n Chuck Schumer', 'Politician :\n Chuck Schumer', 'Unified Twitter Taxonomy :\n Politics', 'Unified Twitter Taxonomy :\n Chuck Schumer', 'Unified Twitter Taxonomy :\n Political figures']"
1643816790382788611,Good conversation today with @UN Secretary-General @antonioguterres on sustaining the life-saving Black Sea Grain Initiative. I also raised restrictions placed on women and girls in Afghanistan.,2023-04-06 03:23:58+00:00,"{'retweet_count': 153, 'reply_count': 321, 'like_count': 873, 'quote_count': 27, 'impression_count': 249030}",1350150750966603777,"['Unified Twitter Taxonomy :\n Crisis in Afghanistan', 'Brand Vertical :\n Government/Education', 'Entities [Entity Service] :\n Non-profit - Government/Education', 'Brand :\n United Nations', 'Political Body :\n United Nations', 'Unified Twitter Taxonomy :\n United Nations', 'Unified Twitter Taxonomy :\n Politics', 'Unified Twitter Taxonomy :\n Government institutions']"
1643778189213466624,"üëè@Tesla is out here putting team human on it's back. almost single-handedly solving the world's clean energy crisis by leading the EV movementüåé 

plus planning to invest $100B+ more ü§Ø into batteries/EVs to end the fossil era. @elonmusk's master plan pt 3 is a MUST READ $TSLA https://t.co/OXSPXzPWmA https://t.co/htMvG8GUVS",2023-04-06 00:50:34+00:00,"{'retweet_count': 108, 'reply_count': 35, 'like_count': 1223, 'quote_count': 8, 'impression_count': 568595}",348844712,"['Business Taxonomy :\n Automotive, Aircraft & Boat Business', 'Business Taxonomy :\n Financial Services Business', 'Business Taxonomy :\n Technology Business', 'Brand :\n Tesla Motors', 'Interests and Hobbies :\n Stocks & indices', 'Unified Twitter Taxonomy :\n Tesla Motors', 'Unified Twitter Taxonomy :\n Stocks & indices', 'Unified Twitter Taxonomy :\n S&P 500', 'Unified Twitter Taxonomy :\n $TSLA', 'Stocks :\n $TSLA', 'Person :\n Elon Musk', 'Entities [Entity Service] :\n Auto Manufacturer - Auto', 'Brand :\n Tesla Motors', 'Interests and Hobbies Vertical :\n Business & finance', 'Interests and Hobbies Vertical :\n Automotive', 'Interests and Hobbies Category :\n Hybrid and electric vehicles', 'Interests and Hobbies Category :\n Luxury Cars', 'Interests and Hobbies Category :\n Leadership', 'Unified Twitter Taxonomy :\n Tesla Motors', 'Unified Twitter Taxonomy :\n Elon Musk', 'Unified Twitter Taxonomy :\n Automotive', 'Unified Twitter Taxonomy :\n Tech personalities', 'Unified Twitter Taxonomy :\n Business personalities', 'Unified Twitter Taxonomy :\n Automobile Brands', 'Brand :\n Tesla Motors', 'Events [Entity Service] :\n Cheddar']"
1643656939199512581,"This Angel Dance by Fabio Comparelli (@intothefab) has been created using Stable Diffusion, resulting definitely reminiscent of Pre-Raphaelite paintings

[source, IG account: https://t.co/eZ2JBD9AJE]
https://t.co/acnfLbp5FT https://t.co/yoYLANg7WE",2023-04-05 16:48:46+00:00,"{'retweet_count': 600, 'reply_count': 72, 'like_count': 3168, 'quote_count': 39, 'impression_count': 504914}",177101260,[]
1643757122411450368,"‚ÄúFocusing is about saying no.‚Äù

~ Steve Jobs https://t.co/hWDAbtRgJY",2023-04-05 23:26:52+00:00,"{'retweet_count': 532, 'reply_count': 70, 'like_count': 2892, 'quote_count': 48, 'impression_count': 371254}",164425558,"['Person :\n Steve Jobs', 'Business Taxonomy :\n Financial Services Business', 'Interests and Hobbies Vertical :\n Business & finance', 'Interests and Hobbies Vertical :\n Business & finance', 'Interests and Hobbies Category :\n Leadership', 'Interests and Hobbies :\n Jobs', 'Unified Twitter Taxonomy :\n Steve Jobs', 'Unified Twitter Taxonomy :\n Business personalities']"
1643637306761396224,"Tesla sold more vehicles in Europe over the first *3 months* of 2023 than they did over the first *6 months* of any previous year. üëÄ
@elonmusk $TSLA https://t.co/6bB82B3Bt6",2023-04-05 15:30:45+00:00,"{'retweet_count': 76, 'reply_count': 35, 'like_count': 768, 'quote_count': 4, 'impression_count': 224384}",367237480,"['Business Taxonomy :\n Automotive, Aircraft & Boat Business', 'Business Taxonomy :\n Financial Services Business', 'Business Taxonomy :\n Technology Business', 'Brand :\n Tesla Motors', 'Interests and Hobbies :\n Stocks & indices', 'Ongoing News Story :\n COVID-19', 'Unified Twitter Taxonomy :\n Tesla Motors', 'Unified Twitter Taxonomy :\n Stocks & indices', 'Unified Twitter Taxonomy :\n S&P 500', 'Unified Twitter Taxonomy :\n COVID-19', 'Unified Twitter Taxonomy :\n $TSLA', 'Stocks :\n $TSLA', 'Person :\n Elon Musk', 'Entities [Entity Service] :\n Auto Manufacturer - Auto', 'Brand :\n Tesla Motors', 'Interests and Hobbies Vertical :\n Business & finance', 'Interests and Hobbies Vertical :\n Automotive', 'Interests and Hobbies Category :\n Hybrid and electric vehicles', 'Interests and Hobbies Category :\n Luxury Cars', 'Interests and Hobbies Category :\n Leadership', 'Unified Twitter Taxonomy :\n Tesla Motors', 'Unified Twitter Taxonomy :\n Elon Musk', 'Unified Twitter Taxonomy :\n Automotive', 'Unified Twitter Taxonomy :\n Tech personalities', 'Unified Twitter Taxonomy :\n Business personalities', 'Unified Twitter Taxonomy :\n Automobile Brands', 'Brand :\n Tesla Motors', 'Events [Entity Service] :\n Cheddar']"
1643582012253429761,"James Jean performs trickshots like this one, being able to curve an arrow behind one or more walls. And it all depends on the angle of the arrow and the aim 

[explanation: https://t.co/QaoecNvMlj] 
[source: https://t.co/HnJu5mJAp5]
https://t.co/FuXCBmBXD6",2023-04-05 11:51:02+00:00,"{'retweet_count': 485, 'reply_count': 92, 'like_count': 4204, 'quote_count': 43, 'impression_count': 2577041}",177101260,[]
1643664515454898176,Brand Destruction $TSLA https://t.co/0U11zvriJH,2023-04-05 17:18:52+00:00,"{'retweet_count': 51, 'reply_count': 39, 'like_count': 819, 'quote_count': 3, 'impression_count': 153597}",1263491240336769026,"['Business Taxonomy :\n Financial Services Business', 'Brand :\n Tesla Motors', 'Interests and Hobbies :\n Stocks & indices', 'Unified Twitter Taxonomy :\n Tesla Motors', 'Unified Twitter Taxonomy :\n Stocks & indices', 'Unified Twitter Taxonomy :\n S&P 500', 'Unified Twitter Taxonomy :\n $TSLA', 'Stocks :\n $TSLA', 'Brand :\n Tesla Motors', 'Events [Entity Service] :\n Cheddar']"
1643635233051254784,"Together, we've explored Earth, flight, and space. From the #Artemis I launch to the Moon to the DART asteroid impact to @NASAWebb‚Äôs first cosmic images. You're part of it all, including nine nominations for the #Webbys!

Voting is open through April 20: https://t.co/6Wcx9XVflf https://t.co/ZpqPHFv8Kz",2023-04-05 15:22:31+00:00,"{'retweet_count': 1065, 'reply_count': 163, 'like_count': 8512, 'quote_count': 32, 'impression_count': 1784993}",11348282,"['Entities [Entity Service] :\n Aerospace', 'Business Taxonomy :\n Automotive, Aircraft & Boat Business', 'Business Taxonomy :\n Entertainment & Leisure Business', 'Brand :\n NASA', 'Entities [Entity Service] :\n Science', 'Interests and Hobbies Category :\n Space', 'Fields of study :\n Science', 'Events [Entity Service] :\n Series of large asteroids to fly past Earth', 'Events [Entity Service] :\n NASA has launched a space probe to change the course of an asteroid']"
1643650474703302656,https://t.co/zfy5L8x2VH,2023-04-05 16:23:05+00:00,"{'retweet_count': 8407, 'reply_count': 1786, 'like_count': 61272, 'quote_count': 355, 'impression_count': 2640166}",1043185714437992449,[]
1643699269080080398,"Humans (on the Ship QD) for scale:

https://t.co/e3xbqPnwZ5 https://t.co/LgIKqXkYsX",2023-04-05 19:36:58+00:00,"{'retweet_count': 96, 'reply_count': 27, 'like_count': 1385, 'quote_count': 8, 'impression_count': 176923}",21292523,[]
1643770869091557376,https://t.co/RG1Nm4yx7O,2023-04-06 00:21:29+00:00,"{'retweet_count': 726, 'reply_count': 82, 'like_count': 15804, 'quote_count': 40, 'impression_count': 1880541}",1211851854071484416,[]
1643813700787388416,Yes she was real https://t.co/k6AaJPWVWH,2023-04-06 03:11:41+00:00,"{'retweet_count': 326, 'reply_count': 29, 'like_count': 3449, 'quote_count': 27, 'impression_count': 682965}",1582853809,[]
1643663969830445057,Tesla Model Y will be the best selling car model in the world this year,2023-04-05 17:16:42+00:00,"{'retweet_count': 79, 'reply_count': 55, 'like_count': 1035, 'quote_count': 9, 'impression_count': 164464}",1263491240336769026,"['Business Taxonomy :\n Automotive, Aircraft & Boat Business', 'Unified Twitter Taxonomy :\n Automotive', 'Unified Twitter Taxonomy :\n Automobile Brands', 'Entities [Entity Service] :\n Auto Manufacturer - Auto', 'Brand :\n Tesla Motors', 'Interests and Hobbies Vertical :\n Automotive', 'Interests and Hobbies Category :\n Hybrid and electric vehicles', 'Interests and Hobbies Category :\n Luxury Cars', 'Unified Twitter Taxonomy :\n Tesla Motors', 'Unified Twitter Taxonomy :\n Automotive', 'Unified Twitter Taxonomy :\n Automobile Brands']"
1643696667663687689,"Starting April 18th in the US, due to changes to IRA EV bill for localized raw materials, you can buy the HIGHEST TRIM Tesla Model Y FOR LESS than the LOWEST TRIM Mach-E $TSLA $F https://t.co/XsKX0W1mp2",2023-04-05 19:26:38+00:00,"{'retweet_count': 94, 'reply_count': 48, 'like_count': 808, 'quote_count': 8, 'impression_count': 617915}",17862108,"['Business Taxonomy :\n Automotive, Aircraft & Boat Business', 'Business Taxonomy :\n Financial Services Business', 'Brand :\n Ford', 'Brand :\n Tesla Motors', 'Interests and Hobbies :\n Stocks & indices', 'Unified Twitter Taxonomy :\n Ford', 'Unified Twitter Taxonomy :\n Tesla Motors', 'Unified Twitter Taxonomy :\n Stocks & indices', 'Unified Twitter Taxonomy :\n S&P 500', 'Unified Twitter Taxonomy :\n $TSLA', 'Stocks :\n $TSLA', 'Entities [Entity Service] :\n Auto Manufacturer - Auto', 'Brand :\n Tesla Motors', 'Interests and Hobbies Vertical :\n Automotive', 'Interests and Hobbies Vertical :\n Business & finance', 'Interests and Hobbies Category :\n Hybrid and electric vehicles', 'Interests and Hobbies Category :\n Luxury Cars', 'Interests and Hobbies Category :\n Personal finance', 'Interests and Hobbies :\n Stocks & indices', 'Unified Twitter Taxonomy :\n Tesla Motors', 'Unified Twitter Taxonomy :\n Automotive', 'Unified Twitter Taxonomy :\n Automobile Brands', 'Brand :\n Tesla Motors', 'Events [Entity Service] :\n Cheddar']"
1643649086636302336,"Bob Lee's death is a tragedy and huge loss for the tech community and for San Francisco. We must remember his life and works.

We know so little about the circumstances and it's too early to speculate what happened yet. That area is filled with cameras so we will find out soon.",2023-04-05 16:17:34+00:00,"{'retweet_count': 108, 'reply_count': 149, 'like_count': 1735, 'quote_count': 20, 'impression_count': 478115}",11768582,['Cities :\n San Francisco']
1643664263532118020,Morgan Library NYC https://t.co/RDYZGqNljP,2023-04-05 17:17:52+00:00,"{'retweet_count': 801, 'reply_count': 79, 'like_count': 8302, 'quote_count': 52, 'impression_count': 1109334}",1171839899890311173,[]
1643710795518451718,"News: Tesla Tripled Austin Workforce to More Than 12,000 Last Year https://t.co/jbgfMhNGq3 @elonmusk https://t.co/u384TyndAJ",2023-04-05 20:22:46+00:00,"{'retweet_count': 65, 'reply_count': 21, 'like_count': 591, 'quote_count': 8, 'impression_count': 134516}",1016059981907386368,"['Brand Vertical :\n Transportation', 'Business Taxonomy :\n Automotive, Aircraft & Boat Business', 'Business Taxonomy :\n Financial Services Business', 'Business Taxonomy :\n Technology Business', 'Business Taxonomy :\n Travel & Transportation Business', 'Unified Twitter Taxonomy :\n Transportation', 'Unified Twitter Taxonomy :\n Travel', 'Person :\n Elon Musk', 'Entities [Entity Service] :\n Auto Manufacturer - Auto', 'Brand :\n Tesla Motors', 'Interests and Hobbies Vertical :\n Business & finance', 'Interests and Hobbies Vertical :\n Automotive', 'Interests and Hobbies Category :\n Hybrid and electric vehicles', 'Interests and Hobbies Category :\n Luxury Cars', 'Interests and Hobbies Category :\n Leadership', 'Unified Twitter Taxonomy :\n Tesla Motors', 'Unified Twitter Taxonomy :\n Elon Musk', 'Unified Twitter Taxonomy :\n Automotive', 'Unified Twitter Taxonomy :\n Tech personalities', 'Unified Twitter Taxonomy :\n Business personalities', 'Unified Twitter Taxonomy :\n Automobile Brands']"
1643800261599825921,"10 obvious reasons that the danger from AGI is way more serious than nuclear weapons:

1)  Nuclear weapons are not smarter than humanity.

2)  Nuclear weapons are not self-replicating.

3)  Nuclear weapons are not self-improving.

4)  Scientists understand how nuclear weapons‚Ä¶ https://t.co/QAxv1xbLTL",2023-04-06 02:18:17+00:00,"{'retweet_count': 515, 'reply_count': 399, 'like_count': 3171, 'quote_count': 150, 'impression_count': 1677316}",2595244026,[]
1643645007000109057,"More Cybertruck and @Tesla Semi out in the wild.
$TSLA #TSLA @elonmusk #„ÉÜ„Çπ„É© https://t.co/0SOrVOOoni https://t.co/dlz73pt5Jo",2023-04-05 16:01:21+00:00,"{'retweet_count': 60, 'reply_count': 40, 'like_count': 583, 'quote_count': 3, 'impression_count': 303010}",1234183597583740929,"['Business Taxonomy :\n Automotive, Aircraft & Boat Business', 'Business Taxonomy :\n Financial Services Business', 'Business Taxonomy :\n Technology Business', 'Brand :\n Tesla Motors', 'Product :\n Cybertruck', 'Interests and Hobbies :\n Stocks & indices', 'Unified Twitter Taxonomy :\n Tesla Motors', 'Unified Twitter Taxonomy :\n Stocks & indices', 'Unified Twitter Taxonomy :\n S&P 500', 'Unified Twitter Taxonomy :\n $TSLA', 'Stocks :\n $TSLA', 'Product Taxonomy :\n Automotive', 'Person :\n Elon Musk', 'Entities [Entity Service] :\n Auto Manufacturer - Auto', 'Brand :\n Tesla Motors', 'Interests and Hobbies Vertical :\n Business & finance', 'Interests and Hobbies Vertical :\n Automotive', 'Interests and Hobbies Category :\n Hybrid and electric vehicles', 'Interests and Hobbies Category :\n Luxury Cars', 'Interests and Hobbies Category :\n Leadership', 'Unified Twitter Taxonomy :\n Tesla Motors', 'Unified Twitter Taxonomy :\n Elon Musk', 'Unified Twitter Taxonomy :\n Automotive', 'Unified Twitter Taxonomy :\n Tech personalities', 'Unified Twitter Taxonomy :\n Business personalities', 'Brand :\n Tesla Motors', 'Events [Entity Service] :\n Cheddar']"
1643582934677442560,NEWS: CNBC is rolling out affiliate badges for some of its employees üëÄ https://t.co/yLx7ZDlvCA,2023-04-05 11:54:42+00:00,"{'retweet_count': 30, 'reply_count': 22, 'like_count': 334, 'quote_count': 5, 'impression_count': 174670}",752567226,['Brand :\n CNBC']
1643649986163531778,"someone who actually read the article and didn‚Äôt get triggered by the headline informed me that it‚Äôs not about the concept of mixed races, but the language of calling it ‚Äúhalf‚Äù

which is still stupid, so still fuck you @Wizards_DnD",2023-04-05 16:21:08+00:00,"{'retweet_count': 23, 'reply_count': 55, 'like_count': 771, 'quote_count': 2, 'impression_count': 45522}",30699048,"['Business Taxonomy :\n Entertainment & Leisure Business', 'Business Taxonomy :\n Gaming Business', 'Interests and Hobbies Category :\n Tabletop gaming', 'Interests and Hobbies :\n Tabletop role-playing games', 'Multimedia Franchise :\n Dungeons & Dragons', 'Unified Twitter Taxonomy :\n Entertainment', 'Unified Twitter Taxonomy :\n Gaming', 'Unified Twitter Taxonomy :\n Tabletop gaming', 'Unified Twitter Taxonomy :\n Dungeons & Dragons', 'Unified Twitter Taxonomy :\n Entertainment franchises', 'Unified Twitter Taxonomy :\n Tabletop role-playing games']"
1643641690241265664,"wizards of the coast think the concept of mixed races is inherently racist 

as a half-japanese person, this is literally racist. fuck you, @Wizards_DnD https://t.co/NyEgaI6Knk",2023-04-05 15:48:10+00:00,"{'retweet_count': 176, 'reply_count': 277, 'like_count': 2609, 'quote_count': 24, 'impression_count': 487083}",30699048,"['Business Taxonomy :\n Entertainment & Leisure Business', 'Business Taxonomy :\n Gaming Business', 'Interests and Hobbies Category :\n Tabletop gaming', 'Interests and Hobbies :\n Tabletop role-playing games', 'Multimedia Franchise :\n Dungeons & Dragons', 'Unified Twitter Taxonomy :\n Entertainment', 'Unified Twitter Taxonomy :\n Gaming', 'Unified Twitter Taxonomy :\n Tabletop gaming', 'Unified Twitter Taxonomy :\n Dungeons & Dragons', 'Unified Twitter Taxonomy :\n Entertainment franchises', 'Unified Twitter Taxonomy :\n Tabletop role-playing games']"
1643646621912117248,"A tribe of 100 people gained 100 years of life experience every year.

A city of 10,000 gained the same in 3 days.

Today, our species lives 15,000 years every minute and almost a million years every hour.

Tiny improvements in how we communicate can pay massive wisdom dividends.",2023-04-05 16:07:46+00:00,"{'retweet_count': 1271, 'reply_count': 423, 'like_count': 11352, 'quote_count': 103, 'impression_count': 1707884}",1282121312,[]
1643766694609920000,"Tesla Master Plan, Part 3 ‚Üí https://t.co/3E69ytIzYH",2023-04-06 00:04:54+00:00,"{'retweet_count': 3858, 'reply_count': 1388, 'like_count': 23366, 'quote_count': 532, 'impression_count': 6694717}",13298072,"['Business Taxonomy :\n Automotive, Aircraft & Boat Business', 'Brand :\n Tesla Motors', 'Unified Twitter Taxonomy :\n Tesla Motors', 'Unified Twitter Taxonomy :\n S&P 500', 'Entities [Entity Service] :\n Auto Manufacturer - Auto', 'Brand :\n Tesla Motors', 'Interests and Hobbies Vertical :\n Automotive', 'Interests and Hobbies Category :\n Hybrid and electric vehicles', 'Interests and Hobbies Category :\n Luxury Cars', 'Unified Twitter Taxonomy :\n Tesla Motors', 'Unified Twitter Taxonomy :\n Automotive', 'Unified Twitter Taxonomy :\n Automobile Brands']"
1643740902551347200,"Tesla Model Y became the best-selling car in the UK in March üèÜ The Texas-based manufacturer has delivered a record number of Model Y vehicles to the country üá¨üáß

https://t.co/BhStyQJFDN",2023-04-05 22:22:25+00:00,"{'retweet_count': 34, 'reply_count': 16, 'like_count': 350, 'quote_count': 4, 'impression_count': 248352}",959471389282578432,"['Business Taxonomy :\n Automotive, Aircraft & Boat Business', 'Entities [Entity Service] :\n Auto Manufacturer - Auto', 'Brand :\n Tesla Motors', 'Interests and Hobbies Vertical :\n Automotive', 'Interests and Hobbies Category :\n Hybrid and electric vehicles', 'Interests and Hobbies Category :\n Luxury Cars', 'Unified Twitter Taxonomy :\n Tesla Motors', 'States :\n Texas']"
1643800438800805888,"Titter Headquarters, San Francisco @elonmusk 

 https://t.co/zG8tSXzggB",2023-04-06 02:18:59+00:00,"{'retweet_count': 595, 'reply_count': 420, 'like_count': 4589, 'quote_count': 57, 'impression_count': 910014}",1389913567671975937,"['Business Taxonomy :\n Financial Services Business', 'Business Taxonomy :\n Technology Business', 'Cities :\n San Francisco', 'Person :\n Elon Musk', 'Interests and Hobbies Vertical :\n Business & finance', 'Interests and Hobbies Category :\n Leadership', 'Unified Twitter Taxonomy :\n Elon Musk', 'Unified Twitter Taxonomy :\n Tech personalities', 'Unified Twitter Taxonomy :\n Business personalities']"
1643766192828473345,"Cybertruck was spotted undergoing¬†suspension testing¬†on a bumpy road. The production of the electric pickup truck is approaching and we are increasingly seeing prototypes undergoing all sorts of tests ü§©

https://t.co/UWpw5PhAfp",2023-04-06 00:02:54+00:00,"{'retweet_count': 44, 'reply_count': 40, 'like_count': 454, 'quote_count': 3, 'impression_count': 291037}",959471389282578432,"['Brand Vertical :\n Transportation', 'Business Taxonomy :\n Automotive, Aircraft & Boat Business', 'Business Taxonomy :\n Technology Business', 'Business Taxonomy :\n Travel & Transportation Business', 'Brand :\n Tesla Motors', 'Product :\n Cybertruck', 'Entities [Entity Service] :\n Technology', 'Unified Twitter Taxonomy :\n Tesla Motors', 'Unified Twitter Taxonomy :\n Transportation', 'Unified Twitter Taxonomy :\n Travel', 'Unified Twitter Taxonomy :\n Electric vehicles', 'Technology :\n Technology', 'Product Taxonomy :\n Automotive']"
1643745057730854914,"Unpopular opinion ‚Ä¶

‚ÄòFor You‚Äô vs ‚ÄòFollowing‚Äô ü§®

‚ÄòFor You‚Äô is actually worth using now.",2023-04-05 22:38:55+00:00,"{'retweet_count': 589, 'reply_count': 500, 'like_count': 9797, 'quote_count': 36, 'impression_count': 2282727}",1366565625401909249,[]
1643675874795954181,@cb_doge @elonmusk sooner or later but @elonmusk is truly a man of his word ü§£ https://t.co/OcbPEMrCRc,2023-04-05 18:04:01+00:00,"{'retweet_count': 22, 'reply_count': 35, 'like_count': 246, 'quote_count': 5, 'impression_count': 30513}",1619070145342877698,"['Business Taxonomy :\n Financial Services Business', 'Business Taxonomy :\n Technology Business', 'Person :\n Elon Musk', 'Interests and Hobbies Vertical :\n Business & finance', 'Interests and Hobbies Category :\n Leadership']"
1643663664463872007,"‚ÄúSo strange that people often believe things inversely proportionate to the evidence. Given a set of possible explanations, why pick the extremely unlikely one!?‚Äù

| Elon Musk",2023-04-05 17:15:30+00:00,"{'retweet_count': 216, 'reply_count': 280, 'like_count': 1363, 'quote_count': 31, 'impression_count': 454818}",1495956968640421893,"['Business Taxonomy :\n Financial Services Business', 'Business Taxonomy :\n Technology Business', 'Person :\n Elon Musk', 'Interests and Hobbies Vertical :\n Business & finance', 'Interests and Hobbies Category :\n Leadership', 'Unified Twitter Taxonomy :\n Elon Musk', 'Unified Twitter Taxonomy :\n Tech personalities', 'Unified Twitter Taxonomy :\n Business personalities']"
1643343933894717440,"Artificial Intelligence has enormous potential to tackle some of our toughest challenges.

But we must address its risks.

That's why last year, we proposed an AI Bill of Rights to ensure that important protections for the American people are built into AI systems from the start.",2023-04-04 20:05:00+00:00,"{'retweet_count': 1512, 'reply_count': 3907, 'like_count': 8690, 'quote_count': 445, 'impression_count': 3839414}",1349149096909668363,"['Person :\n Joe Biden', 'Politician :\n Joe Biden', 'Business Taxonomy :\n Technology Business', 'Unified Twitter Taxonomy :\n Joe Biden', 'Unified Twitter Taxonomy :\n Politics', 'Unified Twitter Taxonomy :\n Political figures', 'Unified Twitter Taxonomy :\n United States politics', 'Unified Twitter Taxonomy :\n United States political issues', 'Unified Twitter Taxonomy :\n Constitution of United States of America']"
1643673220917207054,How it started:                   How it‚Äôs going: https://t.co/gEdfLxpPHa,2023-04-05 17:53:28+00:00,"{'retweet_count': 488, 'reply_count': 182, 'like_count': 10876, 'quote_count': 58, 'impression_count': 2043601}",1355945100216573952,[]
1643641961478324225,ü§£üíØ@elonmusk #Dogecoin https://t.co/N1th6QyKYy,2023-04-05 15:49:15+00:00,"{'retweet_count': 183, 'reply_count': 106, 'like_count': 2661, 'quote_count': 13, 'impression_count': 205318}",1355945100216573952,"['Business Taxonomy :\n Financial Services Business', 'Business Taxonomy :\n Technology Business', 'Entities [Entity Service] :\n Dogecoin cryptocurrency', 'Interests and Hobbies Category :\n Cryptocurrencies', 'Unified Twitter Taxonomy :\n Cryptocurrencies', 'Unified Twitter Taxonomy :\n Dogecoin cryptocurrency', 'Unified Twitter Taxonomy :\n Cryptocoins', 'Unified Twitter Taxonomy :\n Digital asset industry', 'Unified Twitter Taxonomy :\n Digital assets & cryptocurrency', 'Digital Assets & Crypto :\n Dogecoin cryptocurrency', 'Person :\n Elon Musk', 'Interests and Hobbies Vertical :\n Business & finance', 'Interests and Hobbies Category :\n Leadership', 'Unified Twitter Taxonomy :\n Elon Musk', 'Unified Twitter Taxonomy :\n Tech personalities', 'Unified Twitter Taxonomy :\n Business personalities']"
1643534912501284864,"Watch 125,000 years of human migration in 1 minute.

The predicted spread of humans around the globe based on climate conditions over the last 125,000 years.

[üìπ Tobias  Friedrich: https://t.co/0kkaaVUgCA]
https://t.co/8KoFnUdCM6",2023-04-05 08:43:53+00:00,"{'retweet_count': 1113, 'reply_count': 286, 'like_count': 5482, 'quote_count': 82, 'impression_count': 1283085}",177101260,"['Sports Event :\n Chennai Super Kings vs Lucknow Super Giants', 'Events [Entity Service] :\n Chennai Super Kings vs Lucknow Super Giants', 'Cricket Match :\n Chennai Super Kings vs Lucknow Super Giants']"
1643273194852188160,I did an hour long podcast with Boz; I think it turned out well! https://t.co/gKGGFykfX7,2023-04-04 15:23:54+00:00,"{'retweet_count': 74, 'reply_count': 29, 'like_count': 809, 'quote_count': 8, 'impression_count': 535005}",175624200,"['Business Taxonomy :\n Entertainment & Leisure Business', 'Podcast :\n Podcasts', 'Unified Twitter Taxonomy :\n Entertainment', 'Unified Twitter Taxonomy :\n Podcasts & radio', 'Unified Twitter Taxonomy :\n Podcasts']"
1643346554726801408,"Maye Musk pulling a Tesla Giga Matrix look üêà‚Äç‚¨õ
@mayemusk ‚ô•Ô∏è https://t.co/pnbOKwYSUZ",2023-04-04 20:15:25+00:00,"{'retweet_count': 72, 'reply_count': 85, 'like_count': 1046, 'quote_count': 14, 'impression_count': 157035}",985686123123949568,"['Business Taxonomy :\n Automotive, Aircraft & Boat Business', 'Business Taxonomy :\n Financial Services Business', 'Business Taxonomy :\n Technology Business', 'Person :\n Elon Musk', 'Entities [Entity Service] :\n Auto Manufacturer - Auto', 'Brand :\n Tesla Motors', 'Interests and Hobbies Vertical :\n Business & finance', 'Interests and Hobbies Vertical :\n Automotive', 'Interests and Hobbies Category :\n Hybrid and electric vehicles', 'Interests and Hobbies Category :\n Luxury Cars', 'Interests and Hobbies Category :\n Leadership', 'Unified Twitter Taxonomy :\n Tesla Motors', 'Unified Twitter Taxonomy :\n Elon Musk', 'Unified Twitter Taxonomy :\n Automotive', 'Unified Twitter Taxonomy :\n Tech personalities', 'Unified Twitter Taxonomy :\n Business personalities', 'Unified Twitter Taxonomy :\n Automobile Brands']"
1643277630269972482,"Here's a short thread on three things I think I know about Starship's orbital flight attempt:

1. Elon has been publicly pessimistic about launch dates of late, and April 10 is semi-real. Yes, we are living in an era of negative Elon time. Which is a wild place to be.",2023-04-04 15:41:32+00:00,"{'retweet_count': 127, 'reply_count': 35, 'like_count': 1936, 'quote_count': 16, 'impression_count': 971537}",15726728,['Business Taxonomy :\n Financial Services Business']
1643564155708887042,"I sleep better at night knowing that if you want to create a fake account and send me threats and insults with any chance of me seeing them, you first have to give @elonmusk money.

Your hate fuels mankind‚Äôs mission to mars, keep it coming.",2023-04-05 10:40:05+00:00,"{'retweet_count': 1545, 'reply_count': 592, 'like_count': 41270, 'quote_count': 68, 'impression_count': 3788596}",2237865246,"['Business Taxonomy :\n Automotive, Aircraft & Boat Business', 'Business Taxonomy :\n Financial Services Business', 'Business Taxonomy :\n Technology Business', 'Entities [Entity Service] :\n Science', 'Interests and Hobbies Category :\n Space', 'Unified Twitter Taxonomy :\n Space', 'Unified Twitter Taxonomy :\n Space missions', 'Unified Twitter Taxonomy :\n Solar System', 'Fields of study :\n Science', 'Person :\n Elon Musk', 'Interests and Hobbies Vertical :\n Business & finance', 'Interests and Hobbies Category :\n Leadership', 'Unified Twitter Taxonomy :\n Elon Musk', 'Unified Twitter Taxonomy :\n Tech personalities', 'Unified Twitter Taxonomy :\n Business personalities']"
1643392850401345537,History Channel Interviews Fringe Conspiracy Theorist Who Thinks Pyramids Were Not Built By Aliens https://t.co/NAukW9qFtb,2023-04-04 23:19:22+00:00,"{'retweet_count': 561, 'reply_count': 86, 'like_count': 6739, 'quote_count': 26, 'impression_count': 781847}",4914384040,[]
1643301046133874718,"Playing with lighting in Midjourney

1990s glamour photo, medium overhead shot from above, sharp focus low-light photography shot on Fujifilm, capturing an Asian woman with tired eyes resting on a tufted couch, wearing a royal Versace sequin gown, luxurious Parisian mansion, dim‚Ä¶ https://t.co/d3qsna0IWa https://t.co/EVJmBcpuyX",2023-04-04 17:14:35+00:00,"{'retweet_count': 176, 'reply_count': 173, 'like_count': 3016, 'quote_count': 28, 'impression_count': 2471438}",146358342,"['Brand :\n Versace', 'Brand :\n Fujifilm', 'Brand :\n Midjourney', 'Interests and Hobbies Category :\n Fashion Brand', 'Unified Twitter Taxonomy :\n Photography', 'Unified Twitter Taxonomy :\n Fujifilm', 'Unified Twitter Taxonomy :\n Digital artwork', 'Unified Twitter Taxonomy :\n Photography brands', 'Unified Twitter Taxonomy :\n AI image generation', 'Unified Twitter Taxonomy :\n Midjourney']"
1643323549468246022,"""I use my tweets to express myself. Some people use their hair. I use Twitter."" - @ElonMusk https://t.co/Xl82uqhVCb",2023-04-04 18:44:00+00:00,"{'retweet_count': 339, 'reply_count': 169, 'like_count': 2668, 'quote_count': 56, 'impression_count': 423632}",1198495865301864448,"['Business Taxonomy :\n Financial Services Business', 'Business Taxonomy :\n Technology Business', 'Person :\n Elon Musk', 'Brand :\n Twitter', 'Interests and Hobbies Vertical :\n Business & finance', 'Interests and Hobbies Category :\n Leadership', 'Unified Twitter Taxonomy :\n Elon Musk', 'Unified Twitter Taxonomy :\n Tech personalities', 'Unified Twitter Taxonomy :\n Business personalities']"
