id,text,created_at,public_metrics,in_reply_to_user_id,context_annotations
1644215832510185473,@ellagirwin I should emphasize that someone really has to go over-the-top by repeatedly harassing the same account with no provocation to get their post bounced. This is not a hair-trigger situation.,2023-04-07 05:49:37+00:00,"{'retweet_count': 830, 'reply_count': 1282, 'like_count': 7514, 'quote_count': 93, 'impression_count': 803086}",18988705,"['Business Taxonomy :\n Financial Services Business', 'Business Taxonomy :\n Technology Business', 'Person :\n Elon Musk', 'Interests and Hobbies Vertical :\n Business & finance', 'Interests and Hobbies Category :\n Leadership', 'Unified Twitter Taxonomy :\n Elon Musk', 'Unified Twitter Taxonomy :\n Tech personalities', 'Unified Twitter Taxonomy :\n Business personalities']"
1644213281295302659,@EstesRockets üî•üî•,2023-04-07 05:39:28+00:00,"{'retweet_count': 60, 'reply_count': 112, 'like_count': 762, 'quote_count': 10, 'impression_count': 51104}",996900373439823872,"['Business Taxonomy :\n Financial Services Business', 'Business Taxonomy :\n Technology Business', 'Person :\n Elon Musk', 'Interests and Hobbies Vertical :\n Business & finance', 'Interests and Hobbies Category :\n Leadership', 'Unified Twitter Taxonomy :\n Elon Musk', 'Unified Twitter Taxonomy :\n Tech personalities', 'Unified Twitter Taxonomy :\n Business personalities']"
1644201831944404992,@PatrickJBlum These are great,2023-04-07 04:53:59+00:00,"{'retweet_count': 253, 'reply_count': 401, 'like_count': 3627, 'quote_count': 25, 'impression_count': 358585}",903273533647851520,"['Business Taxonomy :\n Financial Services Business', 'Business Taxonomy :\n Technology Business', 'Person :\n Elon Musk', 'Interests and Hobbies Vertical :\n Business & finance', 'Interests and Hobbies Category :\n Leadership', 'Unified Twitter Taxonomy :\n Elon Musk', 'Unified Twitter Taxonomy :\n Tech personalities', 'Unified Twitter Taxonomy :\n Business personalities']"
1644199998496677889,@ZubyMusic True,2023-04-07 04:46:42+00:00,"{'retweet_count': 305, 'reply_count': 159, 'like_count': 5455, 'quote_count': 17, 'impression_count': 134042}",57441414,"['Business Taxonomy :\n Financial Services Business', 'Business Taxonomy :\n Technology Business', 'Person :\n Elon Musk', 'Interests and Hobbies Vertical :\n Business & finance', 'Interests and Hobbies Category :\n Leadership', 'Unified Twitter Taxonomy :\n Elon Musk', 'Unified Twitter Taxonomy :\n Tech personalities', 'Unified Twitter Taxonomy :\n Business personalities']"
1644197970416394242,@EvaFoxU fazedarrayftw,2023-04-07 04:38:38+00:00,"{'retweet_count': 164, 'reply_count': 325, 'like_count': 2351, 'quote_count': 14, 'impression_count': 326199}",959471389282578432,"['Business Taxonomy :\n Financial Services Business', 'Business Taxonomy :\n Technology Business', 'Person :\n Elon Musk', 'Interests and Hobbies Vertical :\n Business & finance', 'Interests and Hobbies Category :\n Leadership', 'Unified Twitter Taxonomy :\n Elon Musk', 'Unified Twitter Taxonomy :\n Tech personalities', 'Unified Twitter Taxonomy :\n Business personalities']"
1644191817561153544,@CBCNews ü§î,2023-04-07 04:14:11+00:00,"{'retweet_count': 1223, 'reply_count': 2800, 'like_count': 21713, 'quote_count': 151, 'impression_count': 1805975}",6433472,"['Business Taxonomy :\n Financial Services Business', 'Business Taxonomy :\n Technology Business', 'Brand :\n CBC', 'Person :\n Elon Musk', 'Interests and Hobbies Vertical :\n Business & finance', 'Interests and Hobbies Category :\n Leadership', 'Unified Twitter Taxonomy :\n Elon Musk', 'Unified Twitter Taxonomy :\n Tech personalities', 'Unified Twitter Taxonomy :\n Business personalities']"
1644190200522833920,@MiamiHerald Very misleading headline,2023-04-07 04:07:46+00:00,"{'retweet_count': 2464, 'reply_count': 1438, 'like_count': 38448, 'quote_count': 97, 'impression_count': 1484621}",14085040,"['Business Taxonomy :\n Financial Services Business', 'Business Taxonomy :\n Technology Business', 'Person :\n Elon Musk', 'Interests and Hobbies Vertical :\n Business & finance', 'Interests and Hobbies Category :\n Leadership', 'Unified Twitter Taxonomy :\n Elon Musk', 'Unified Twitter Taxonomy :\n Tech personalities', 'Unified Twitter Taxonomy :\n Business personalities']"
1644188721585979393,@KanekoaTheGreat üôà,2023-04-07 04:01:53+00:00,"{'retweet_count': 1007, 'reply_count': 678, 'like_count': 13791, 'quote_count': 47, 'impression_count': 926330}",1085225533623783424,"['Business Taxonomy :\n Financial Services Business', 'Business Taxonomy :\n Technology Business', 'Person :\n Elon Musk', 'Interests and Hobbies Vertical :\n Business & finance', 'Interests and Hobbies Category :\n Leadership', 'Unified Twitter Taxonomy :\n Elon Musk', 'Unified Twitter Taxonomy :\n Tech personalities', 'Unified Twitter Taxonomy :\n Business personalities']"
1644186903002902531,@ZubyMusic @stillgray But awesome for trolling,2023-04-07 03:54:39+00:00,"{'retweet_count': 219, 'reply_count': 301, 'like_count': 4359, 'quote_count': 31, 'impression_count': 147754}",57441414,"['Business Taxonomy :\n Financial Services Business', 'Business Taxonomy :\n Technology Business', 'Person :\n Elon Musk', 'Interests and Hobbies Vertical :\n Business & finance', 'Interests and Hobbies Category :\n Leadership', 'Unified Twitter Taxonomy :\n Elon Musk', 'Unified Twitter Taxonomy :\n Tech personalities', 'Unified Twitter Taxonomy :\n Business personalities']"
1644182116790411264,@ZubyMusic üíØ,2023-04-07 03:35:38+00:00,"{'retweet_count': 211, 'reply_count': 208, 'like_count': 4625, 'quote_count': 11, 'impression_count': 320499}",57441414,"['Business Taxonomy :\n Financial Services Business', 'Business Taxonomy :\n Technology Business', 'Person :\n Elon Musk', 'Interests and Hobbies Vertical :\n Business & finance', 'Interests and Hobbies Category :\n Leadership', 'Unified Twitter Taxonomy :\n Elon Musk', 'Unified Twitter Taxonomy :\n Tech personalities', 'Unified Twitter Taxonomy :\n Business personalities']"
1644180666236502025,@terrybythebay @TitterDaily Who ‚Ä¶ me? ‚ò∫Ô∏è üßå,2023-04-07 03:29:52+00:00,"{'retweet_count': 68, 'reply_count': 138, 'like_count': 1183, 'quote_count': 13, 'impression_count': 44447}",1311033428201086976,"['Business Taxonomy :\n Financial Services Business', 'Business Taxonomy :\n Technology Business', 'Person :\n Elon Musk', 'Interests and Hobbies Vertical :\n Business & finance', 'Interests and Hobbies Category :\n Leadership', 'Unified Twitter Taxonomy :\n Elon Musk', 'Unified Twitter Taxonomy :\n Tech personalities', 'Unified Twitter Taxonomy :\n Business personalities']"
1644180434492825600,@wongmjane Not a bad suggestion. Will consider.,2023-04-07 03:28:57+00:00,"{'retweet_count': 312, 'reply_count': 329, 'like_count': 5789, 'quote_count': 19, 'impression_count': 580271}",337119125,"['Business Taxonomy :\n Financial Services Business', 'Business Taxonomy :\n Technology Business', 'Person :\n Elon Musk', 'Interests and Hobbies Vertical :\n Business & finance', 'Interests and Hobbies Category :\n Leadership', 'Unified Twitter Taxonomy :\n Elon Musk', 'Unified Twitter Taxonomy :\n Tech personalities', 'Unified Twitter Taxonomy :\n Business personalities']"
1644174878382215170,"@TitterDaily Yeah, you can totally delete things from the Internet ‚Äì that works perfectly and doesn‚Äôt draw attention to whatever you were trying to hide at all",2023-04-07 03:06:52+00:00,"{'retweet_count': 12235, 'reply_count': 3394, 'like_count': 114352, 'quote_count': 521, 'impression_count': 4585382}",752567226,"['Business Taxonomy :\n Financial Services Business', 'Business Taxonomy :\n Technology Business', 'Person :\n Elon Musk', 'Interests and Hobbies Vertical :\n Business & finance', 'Interests and Hobbies Category :\n Leadership', 'Unified Twitter Taxonomy :\n Elon Musk', 'Unified Twitter Taxonomy :\n Tech personalities', 'Unified Twitter Taxonomy :\n Business personalities']"
1644103811160522758,@cb_doge ü§£,2023-04-06 22:24:29+00:00,"{'retweet_count': 1683, 'reply_count': 1539, 'like_count': 77859, 'quote_count': 107, 'impression_count': 6131155}",1389913567671975937,"['Business Taxonomy :\n Financial Services Business', 'Business Taxonomy :\n Technology Business', 'Person :\n Elon Musk', 'Interests and Hobbies Vertical :\n Business & finance', 'Interests and Hobbies Category :\n Leadership', 'Unified Twitter Taxonomy :\n Elon Musk', 'Unified Twitter Taxonomy :\n Tech personalities', 'Unified Twitter Taxonomy :\n Business personalities']"
1644103766059151361,@EndWokeness !,2023-04-06 22:24:18+00:00,"{'retweet_count': 1734, 'reply_count': 1358, 'like_count': 26210, 'quote_count': 78, 'impression_count': 1552923}",1552795969959636992,"['Business Taxonomy :\n Financial Services Business', 'Business Taxonomy :\n Technology Business', 'Person :\n Elon Musk', 'Interests and Hobbies Vertical :\n Business & finance', 'Interests and Hobbies Category :\n Leadership', 'Unified Twitter Taxonomy :\n Elon Musk', 'Unified Twitter Taxonomy :\n Tech personalities', 'Unified Twitter Taxonomy :\n Business personalities']"
1644099976979513348,@StephenKing Oh stop with the compliments! üòä,2023-04-06 22:09:15+00:00,"{'retweet_count': 4380, 'reply_count': 3445, 'like_count': 88537, 'quote_count': 268, 'impression_count': 5532080}",2233154425,"['Business Taxonomy :\n Financial Services Business', 'Business Taxonomy :\n Technology Business', 'Person :\n Elon Musk', 'Person :\n Stephen King', 'Entertainment Personality :\n Stephen King', 'Interests and Hobbies Vertical :\n Business & finance', 'Interests and Hobbies Category :\n Leadership', 'Unified Twitter Taxonomy :\n Elon Musk', 'Unified Twitter Taxonomy :\n Stephen King', 'Unified Twitter Taxonomy :\n Tech personalities', 'Unified Twitter Taxonomy :\n Business personalities']"
1644099071378968576,@greg_price11 !,2023-04-06 22:05:39+00:00,"{'retweet_count': 599, 'reply_count': 542, 'like_count': 7986, 'quote_count': 42, 'impression_count': 693341}",896466491587080194,"['Business Taxonomy :\n Financial Services Business', 'Business Taxonomy :\n Technology Business', 'Person :\n Elon Musk', 'Interests and Hobbies Vertical :\n Business & finance', 'Interests and Hobbies Category :\n Leadership', 'Unified Twitter Taxonomy :\n Elon Musk', 'Unified Twitter Taxonomy :\n Tech personalities', 'Unified Twitter Taxonomy :\n Business personalities']"
1644094552876232707,@dkavranoglu @daveg !,2023-04-06 21:47:41+00:00,"{'retweet_count': 57, 'reply_count': 102, 'like_count': 895, 'quote_count': 9, 'impression_count': 54549}",200895896,"['Business Taxonomy :\n Financial Services Business', 'Business Taxonomy :\n Technology Business', 'Person :\n Elon Musk', 'Interests and Hobbies Vertical :\n Business & finance', 'Interests and Hobbies Category :\n Leadership', 'Unified Twitter Taxonomy :\n Elon Musk', 'Unified Twitter Taxonomy :\n Tech personalities', 'Unified Twitter Taxonomy :\n Business personalities']"
1644075355945222177,"@DirtyTesLa We are gradually reducing it, proportionate to improved safety",2023-04-06 20:31:24+00:00,"{'retweet_count': 237, 'reply_count': 402, 'like_count': 3266, 'quote_count': 36, 'impression_count': 632915}",1118594454515003393,"['Business Taxonomy :\n Financial Services Business', 'Business Taxonomy :\n Technology Business', 'Person :\n Elon Musk', 'Interests and Hobbies Vertical :\n Business & finance', 'Interests and Hobbies Category :\n Leadership', 'Unified Twitter Taxonomy :\n Elon Musk', 'Unified Twitter Taxonomy :\n Tech personalities', 'Unified Twitter Taxonomy :\n Business personalities']"
1644074075961151490,@GRDecter Any highly successful investor with a long track record would do a good job ‚Äì the job is essentially fund management at scale,2023-04-06 20:26:19+00:00,"{'retweet_count': 197, 'reply_count': 196, 'like_count': 2801, 'quote_count': 18, 'impression_count': 159473}",44196397,"['Business Taxonomy :\n Financial Services Business', 'Business Taxonomy :\n Technology Business', 'Person :\n Elon Musk', 'Interests and Hobbies Vertical :\n Business & finance', 'Interests and Hobbies Category :\n Leadership', 'Unified Twitter Taxonomy :\n Elon Musk', 'Unified Twitter Taxonomy :\n Tech personalities', 'Unified Twitter Taxonomy :\n Business personalities']"
1644071931803746304,@GRDecter Probably Buffett. He could do it using less than an hour‚Äôs time per week.,2023-04-06 20:17:48+00:00,"{'retweet_count': 349, 'reply_count': 245, 'like_count': 5230, 'quote_count': 43, 'impression_count': 243471}",1281457267582177280,"['Business Taxonomy :\n Financial Services Business', 'Business Taxonomy :\n Technology Business', 'Person :\n Elon Musk', 'Interests and Hobbies Vertical :\n Business & finance', 'Interests and Hobbies Category :\n Leadership', 'Unified Twitter Taxonomy :\n Elon Musk', 'Unified Twitter Taxonomy :\n Tech personalities', 'Unified Twitter Taxonomy :\n Business personalities']"
1644071359503376385,"@cb_doge Actually, will add this app to my name in the meantime",2023-04-06 20:15:32+00:00,"{'retweet_count': 198, 'reply_count': 344, 'like_count': 3284, 'quote_count': 31, 'impression_count': 203365}",44196397,"['Business Taxonomy :\n Financial Services Business', 'Business Taxonomy :\n Technology Business', 'Person :\n Elon Musk', 'Interests and Hobbies Vertical :\n Business & finance', 'Interests and Hobbies Category :\n Leadership', 'Unified Twitter Taxonomy :\n Elon Musk', 'Unified Twitter Taxonomy :\n Tech personalities', 'Unified Twitter Taxonomy :\n Business personalities']"
1644070874906083330,@KanekoaTheGreat Is this real?,2023-04-06 20:13:36+00:00,"{'retweet_count': 3901, 'reply_count': 3610, 'like_count': 34596, 'quote_count': 208, 'impression_count': 6480126}",1085225533623783424,"['Business Taxonomy :\n Financial Services Business', 'Business Taxonomy :\n Technology Business', 'Person :\n Elon Musk', 'Interests and Hobbies Vertical :\n Business & finance', 'Interests and Hobbies Category :\n Leadership', 'Unified Twitter Taxonomy :\n Elon Musk', 'Unified Twitter Taxonomy :\n Tech personalities', 'Unified Twitter Taxonomy :\n Business personalities']"
1644070756265934848,@MuskUniversity 2008 was hell,2023-04-06 20:13:08+00:00,"{'retweet_count': 811, 'reply_count': 1680, 'like_count': 14042, 'quote_count': 120, 'impression_count': 1068402}",1495956968640421893,"['Business Taxonomy :\n Financial Services Business', 'Business Taxonomy :\n Technology Business', 'Person :\n Elon Musk', 'Interests and Hobbies Vertical :\n Business & finance', 'Interests and Hobbies Category :\n Leadership', 'Unified Twitter Taxonomy :\n Elon Musk', 'Unified Twitter Taxonomy :\n Tech personalities', 'Unified Twitter Taxonomy :\n Business personalities']"
1644063600040988683,@cb_doge As soon as we finish functionality for multi-org affiliation,2023-04-06 19:44:42+00:00,"{'retweet_count': 903, 'reply_count': 799, 'like_count': 21982, 'quote_count': 83, 'impression_count': 3599713}",1389913567671975937,"['Business Taxonomy :\n Financial Services Business', 'Business Taxonomy :\n Technology Business', 'Person :\n Elon Musk', 'Interests and Hobbies Vertical :\n Business & finance', 'Interests and Hobbies Category :\n Leadership', 'Unified Twitter Taxonomy :\n Elon Musk', 'Unified Twitter Taxonomy :\n Tech personalities', 'Unified Twitter Taxonomy :\n Business personalities']"
1644061965285838848,"@RubinReport @ChristinaPushaw @MiamiHerald If they‚Äôre misleading the public, @CommunityNotes will correct them",2023-04-06 19:38:12+00:00,"{'retweet_count': 401, 'reply_count': 249, 'like_count': 5860, 'quote_count': 25, 'impression_count': 160852}",18379614,"['Business Taxonomy :\n Financial Services Business', 'Business Taxonomy :\n Technology Business', 'Person :\n Elon Musk', 'Interests and Hobbies Vertical :\n Business & finance', 'Interests and Hobbies Category :\n Leadership', 'Unified Twitter Taxonomy :\n Elon Musk', 'Unified Twitter Taxonomy :\n Tech personalities', 'Unified Twitter Taxonomy :\n Business personalities']"
1644059981698809856,"@TitterDaily Almost all major organizations are in process of rolling out affiliate badges. 

This is very important for protecting users against sophisticated impersonation scams.",2023-04-06 19:30:19+00:00,"{'retweet_count': 747, 'reply_count': 730, 'like_count': 8840, 'quote_count': 55, 'impression_count': 892674}",752567226,"['Business Taxonomy :\n Financial Services Business', 'Business Taxonomy :\n Technology Business', 'Person :\n Elon Musk', 'Interests and Hobbies Vertical :\n Business & finance', 'Interests and Hobbies Category :\n Leadership', 'Unified Twitter Taxonomy :\n Elon Musk', 'Unified Twitter Taxonomy :\n Tech personalities', 'Unified Twitter Taxonomy :\n Business personalities']"
1644058272847089684,@NASAWebb Best pic of Uranus ever,2023-04-06 19:23:32+00:00,"{'retweet_count': 1365, 'reply_count': 2946, 'like_count': 24986, 'quote_count': 197, 'impression_count': 3158263}",29472803,"['Entities [Entity Service] :\n Aerospace', 'Business Taxonomy :\n Automotive, Aircraft & Boat Business', 'Business Taxonomy :\n Financial Services Business', 'Business Taxonomy :\n Technology Business', 'Brand :\n NASA', 'Entities [Entity Service] :\n Science', 'Interests and Hobbies Category :\n Space', 'Unified Twitter Taxonomy :\n Space', 'Unified Twitter Taxonomy :\n Science', 'Unified Twitter Taxonomy :\n NASA', 'Unified Twitter Taxonomy :\n Space agencies & companies', 'Unified Twitter Taxonomy :\n Space telescopes', 'Unified Twitter Taxonomy :\n Solar System', 'Unified Twitter Taxonomy :\n James Webb Space Telescope', 'Fields of study :\n Science', 'Person :\n Elon Musk', 'Interests and Hobbies Vertical :\n Business & finance', 'Interests and Hobbies Category :\n Leadership', 'Unified Twitter Taxonomy :\n Elon Musk', 'Unified Twitter Taxonomy :\n Tech personalities', 'Unified Twitter Taxonomy :\n Business personalities']"
1644057997923045395,@GRDecter üéØ,2023-04-06 19:22:26+00:00,"{'retweet_count': 511, 'reply_count': 279, 'like_count': 11228, 'quote_count': 18, 'impression_count': 609100}",1281457267582177280,"['Business Taxonomy :\n Financial Services Business', 'Business Taxonomy :\n Technology Business', 'Person :\n Elon Musk', 'Interests and Hobbies Vertical :\n Business & finance', 'Interests and Hobbies Category :\n Leadership', 'Unified Twitter Taxonomy :\n Elon Musk', 'Unified Twitter Taxonomy :\n Tech personalities', 'Unified Twitter Taxonomy :\n Business personalities']"
1644057465372266514,@cb_doge Fact check: correct,2023-04-06 19:20:19+00:00,"{'retweet_count': 1162, 'reply_count': 841, 'like_count': 33203, 'quote_count': 50, 'impression_count': 1359034}",1389913567671975937,"['Business Taxonomy :\n Financial Services Business', 'Business Taxonomy :\n Technology Business', 'Person :\n Elon Musk', 'Interests and Hobbies Vertical :\n Business & finance', 'Interests and Hobbies Category :\n Leadership', 'Unified Twitter Taxonomy :\n Elon Musk', 'Unified Twitter Taxonomy :\n Tech personalities', 'Unified Twitter Taxonomy :\n Business personalities']"
1644057181833109504,@NASA @NASAWebb Good one ü§£ü§£,2023-04-06 19:19:11+00:00,"{'retweet_count': 412, 'reply_count': 500, 'like_count': 7033, 'quote_count': 36, 'impression_count': 846446}",11348282,"['Entities [Entity Service] :\n Aerospace', 'Business Taxonomy :\n Automotive, Aircraft & Boat Business', 'Business Taxonomy :\n Financial Services Business', 'Business Taxonomy :\n Technology Business', 'Brand :\n NASA', 'Entities [Entity Service] :\n Science', 'Interests and Hobbies Category :\n Space', 'Unified Twitter Taxonomy :\n Space', 'Unified Twitter Taxonomy :\n Science', 'Unified Twitter Taxonomy :\n NASA', 'Unified Twitter Taxonomy :\n Space agencies & companies', 'Unified Twitter Taxonomy :\n Space telescopes', 'Unified Twitter Taxonomy :\n James Webb Space Telescope', 'Fields of study :\n Science', 'Person :\n Elon Musk', 'Interests and Hobbies Vertical :\n Business & finance', 'Interests and Hobbies Category :\n Leadership', 'Unified Twitter Taxonomy :\n Elon Musk', 'Unified Twitter Taxonomy :\n Tech personalities', 'Unified Twitter Taxonomy :\n Business personalities']"
1644037828865671168,@SciGuySpace They need to make reusable rockets,2023-04-06 18:02:17+00:00,"{'retweet_count': 349, 'reply_count': 658, 'like_count': 4643, 'quote_count': 35, 'impression_count': 614264}",15726728,"['Business Taxonomy :\n Financial Services Business', 'Business Taxonomy :\n Technology Business', 'Person :\n Elon Musk', 'Interests and Hobbies Vertical :\n Business & finance', 'Interests and Hobbies Category :\n Leadership', 'Unified Twitter Taxonomy :\n Elon Musk', 'Unified Twitter Taxonomy :\n Tech personalities', 'Unified Twitter Taxonomy :\n Business personalities']"
1644037469816385540,@DrJimFan Yup,2023-04-06 18:00:52+00:00,"{'retweet_count': 117, 'reply_count': 154, 'like_count': 1740, 'quote_count': 15, 'impression_count': 446949}",1007413134,"['Business Taxonomy :\n Financial Services Business', 'Business Taxonomy :\n Technology Business', 'Person :\n Elon Musk', 'Interests and Hobbies Vertical :\n Business & finance', 'Interests and Hobbies Category :\n Leadership', 'Unified Twitter Taxonomy :\n Elon Musk', 'Unified Twitter Taxonomy :\n Tech personalities', 'Unified Twitter Taxonomy :\n Business personalities']"
1644037304942489601,@cb_doge Cool,2023-04-06 18:00:12+00:00,"{'retweet_count': 1176, 'reply_count': 1057, 'like_count': 20350, 'quote_count': 60, 'impression_count': 1248609}",1389913567671975937,"['Business Taxonomy :\n Financial Services Business', 'Business Taxonomy :\n Technology Business', 'Person :\n Elon Musk', 'Interests and Hobbies Vertical :\n Business & finance', 'Interests and Hobbies Category :\n Leadership', 'Unified Twitter Taxonomy :\n Elon Musk', 'Unified Twitter Taxonomy :\n Tech personalities', 'Unified Twitter Taxonomy :\n Business personalities']"
1644037161149165585,@BillyM2k Exactly,2023-04-06 17:59:38+00:00,"{'retweet_count': 316, 'reply_count': 387, 'like_count': 5269, 'quote_count': 21, 'impression_count': 492531}",30699048,"['Business Taxonomy :\n Financial Services Business', 'Business Taxonomy :\n Technology Business', 'Person :\n Elon Musk', 'Interests and Hobbies Vertical :\n Business & finance', 'Interests and Hobbies Category :\n Leadership', 'Unified Twitter Taxonomy :\n Elon Musk', 'Unified Twitter Taxonomy :\n Tech personalities', 'Unified Twitter Taxonomy :\n Business personalities']"
1644036956987224068,@paulg I love fashion tbh,2023-04-06 17:58:49+00:00,"{'retweet_count': 750, 'reply_count': 1477, 'like_count': 12162, 'quote_count': 101, 'impression_count': 1655151}",183749519,"['Business Taxonomy :\n Financial Services Business', 'Business Taxonomy :\n Technology Business', 'Person :\n Elon Musk', 'Interests and Hobbies Vertical :\n Business & finance', 'Interests and Hobbies Category :\n Leadership', 'Unified Twitter Taxonomy :\n Elon Musk', 'Unified Twitter Taxonomy :\n Tech personalities', 'Unified Twitter Taxonomy :\n Business personalities']"
1644036689872953346,@TrungTPhan ü§£,2023-04-06 17:57:46+00:00,"{'retweet_count': 50, 'reply_count': 61, 'like_count': 1009, 'quote_count': 6, 'impression_count': 57566}",945817135816654848,"['Business Taxonomy :\n Financial Services Business', 'Business Taxonomy :\n Technology Business', 'Person :\n Elon Musk', 'Interests and Hobbies Vertical :\n Business & finance', 'Interests and Hobbies Category :\n Leadership', 'Unified Twitter Taxonomy :\n Elon Musk', 'Unified Twitter Taxonomy :\n Tech personalities', 'Unified Twitter Taxonomy :\n Business personalities']"
1644036581466992658,"@kaschuta What is surprising is that so few people realize this.

Individuals should always wonder who wrote the software running in their head. 

Don‚Äôt be an NPC.",2023-04-06 17:57:20+00:00,"{'retweet_count': 286, 'reply_count': 157, 'like_count': 2388, 'quote_count': 37, 'impression_count': 84694}",2383510675,"['Business Taxonomy :\n Financial Services Business', 'Business Taxonomy :\n Technology Business', 'Person :\n Elon Musk', 'Interests and Hobbies Vertical :\n Business & finance', 'Interests and Hobbies Category :\n Leadership', 'Unified Twitter Taxonomy :\n Elon Musk', 'Unified Twitter Taxonomy :\n Tech personalities', 'Unified Twitter Taxonomy :\n Business personalities']"
1643919957850304513,@farzyness ü§î,2023-04-06 10:13:55+00:00,"{'retweet_count': 590, 'reply_count': 792, 'like_count': 7643, 'quote_count': 44, 'impression_count': 1420351}",17862108,"['Business Taxonomy :\n Financial Services Business', 'Business Taxonomy :\n Technology Business', 'Person :\n Elon Musk', 'Interests and Hobbies Vertical :\n Business & finance', 'Interests and Hobbies Category :\n Leadership', 'Unified Twitter Taxonomy :\n Elon Musk', 'Unified Twitter Taxonomy :\n Tech personalities', 'Unified Twitter Taxonomy :\n Business personalities']"
1643870736510078977,"@BoredElonMusk Wow, the critics are so disconnected from reality!",2023-04-06 06:58:19+00:00,"{'retweet_count': 3354, 'reply_count': 2605, 'like_count': 51701, 'quote_count': 251, 'impression_count': 3247548}",1666038950,"['Business Taxonomy :\n Financial Services Business', 'Business Taxonomy :\n Technology Business', 'Person :\n Elon Musk', 'Interests and Hobbies Vertical :\n Business & finance', 'Interests and Hobbies Category :\n Leadership', 'Unified Twitter Taxonomy :\n Elon Musk', 'Unified Twitter Taxonomy :\n Tech personalities', 'Unified Twitter Taxonomy :\n Business personalities']"
1643831702211665921,@waitbutwhy üíØ,2023-04-06 04:23:13+00:00,"{'retweet_count': 520, 'reply_count': 618, 'like_count': 9282, 'quote_count': 28, 'impression_count': 1176478}",1282121312,"['Business Taxonomy :\n Financial Services Business', 'Business Taxonomy :\n Technology Business', 'Person :\n Elon Musk', 'Interests and Hobbies Vertical :\n Business & finance', 'Interests and Hobbies Category :\n Leadership', 'Unified Twitter Taxonomy :\n Elon Musk', 'Unified Twitter Taxonomy :\n Tech personalities', 'Unified Twitter Taxonomy :\n Business personalities']"
1643780245072543745,@WallStreetSilv It is for me,2023-04-06 00:58:45+00:00,"{'retweet_count': 953, 'reply_count': 1439, 'like_count': 17277, 'quote_count': 77, 'impression_count': 1985918}",1366565625401909249,"['Business Taxonomy :\n Financial Services Business', 'Business Taxonomy :\n Technology Business', 'Person :\n Elon Musk', 'Interests and Hobbies Vertical :\n Business & finance', 'Interests and Hobbies Category :\n Leadership', 'Unified Twitter Taxonomy :\n Elon Musk', 'Unified Twitter Taxonomy :\n Tech personalities', 'Unified Twitter Taxonomy :\n Business personalities']"
1643566408675258368,@MuskUniversity And Tesla is getting it done,2023-04-05 10:49:02+00:00,"{'retweet_count': 931, 'reply_count': 1115, 'like_count': 11608, 'quote_count': 74, 'impression_count': 1550527}",1495956968640421893,"['Business Taxonomy :\n Automotive, Aircraft & Boat Business', 'Business Taxonomy :\n Financial Services Business', 'Business Taxonomy :\n Technology Business', 'Person :\n Elon Musk', 'Entities [Entity Service] :\n Auto Manufacturer - Auto', 'Brand :\n Tesla Motors', 'Interests and Hobbies Vertical :\n Business & finance', 'Interests and Hobbies Vertical :\n Automotive', 'Interests and Hobbies Category :\n Hybrid and electric vehicles', 'Interests and Hobbies Category :\n Luxury Cars', 'Interests and Hobbies Category :\n Leadership', 'Unified Twitter Taxonomy :\n Tesla Motors', 'Unified Twitter Taxonomy :\n Elon Musk', 'Unified Twitter Taxonomy :\n Automotive', 'Unified Twitter Taxonomy :\n Tech personalities', 'Unified Twitter Taxonomy :\n Business personalities', 'Unified Twitter Taxonomy :\n Automobile Brands']"
1643550895429541888,@dogeofficialceo ü§£,2023-04-05 09:47:23+00:00,"{'retweet_count': 1531, 'reply_count': 787, 'like_count': 30510, 'quote_count': 55, 'impression_count': 2254598}",1355945100216573952,"['Business Taxonomy :\n Financial Services Business', 'Business Taxonomy :\n Technology Business', 'Person :\n Elon Musk', 'Interests and Hobbies Vertical :\n Business & finance', 'Interests and Hobbies Category :\n Leadership', 'Unified Twitter Taxonomy :\n Elon Musk', 'Unified Twitter Taxonomy :\n Tech personalities', 'Unified Twitter Taxonomy :\n Business personalities']"
1643550635118456832,"@andst7 Fermi was incredible. 

I like that he cared that we see no evidence of  aliens. It is a fundamental question about the nature of the universe.",2023-04-05 09:46:21+00:00,"{'retweet_count': 729, 'reply_count': 921, 'like_count': 9687, 'quote_count': 76, 'impression_count': 1595008}",541882699,"['Business Taxonomy :\n Financial Services Business', 'Business Taxonomy :\n Technology Business', 'Person :\n Elon Musk', 'Interests and Hobbies Vertical :\n Business & finance', 'Interests and Hobbies Category :\n Leadership', 'Unified Twitter Taxonomy :\n Elon Musk', 'Unified Twitter Taxonomy :\n Tech personalities', 'Unified Twitter Taxonomy :\n Business personalities']"
1643548525899182082,@alx @CommunityNotes @GlennKesslerWP Maybe a link under the account name to the list of Community Notes of an account that is frequently posting incorrect information,2023-04-05 09:37:58+00:00,"{'retweet_count': 2619, 'reply_count': 2061, 'like_count': 34749, 'quote_count': 182, 'impression_count': 2156476}",534023,"['Business Taxonomy :\n Financial Services Business', 'Business Taxonomy :\n Technology Business', 'Person :\n Elon Musk', 'Interests and Hobbies Vertical :\n Business & finance', 'Interests and Hobbies Category :\n Leadership', 'Unified Twitter Taxonomy :\n Elon Musk', 'Unified Twitter Taxonomy :\n Tech personalities', 'Unified Twitter Taxonomy :\n Business personalities']"
1643545966811975680,"@jakeshieldsajj Very sorry to hear that. Many people I know have been severely assaulted.

Violent crime in SF is horrific and even if attackers are caught, they are often released immediately.

Is the city taking stronger action to incarcerate repeat violent offenders @BrookeJenkinsSF?",2023-04-05 09:27:48+00:00,"{'retweet_count': 11884, 'reply_count': 4702, 'like_count': 104399, 'quote_count': 563, 'impression_count': 6908941}",80233893,"['Business Taxonomy :\n Financial Services Business', 'Business Taxonomy :\n Technology Business', 'Person :\n Elon Musk', 'Interests and Hobbies Vertical :\n Business & finance', 'Interests and Hobbies Category :\n Leadership', 'Unified Twitter Taxonomy :\n Elon Musk', 'Unified Twitter Taxonomy :\n Tech personalities', 'Unified Twitter Taxonomy :\n Business personalities']"
1643541744175419393,@Chad_Hurley üî• comments,2023-04-05 09:11:01+00:00,"{'retweet_count': 87, 'reply_count': 318, 'like_count': 1449, 'quote_count': 19, 'impression_count': 167738}",44196397,"['Person :\n Chad Hurley', 'Business Taxonomy :\n Financial Services Business', 'Business Taxonomy :\n Technology Business', 'Interests and Hobbies Vertical :\n Business & finance', 'Interests and Hobbies Vertical :\n Business & finance', 'Interests and Hobbies Category :\n Leadership', 'Entities [Entity Service] :\n Technology', 'Unified Twitter Taxonomy :\n Chad Hurley', 'Unified Twitter Taxonomy :\n Business personalities', 'Person :\n Elon Musk', 'Interests and Hobbies Vertical :\n Business & finance', 'Interests and Hobbies Category :\n Leadership', 'Unified Twitter Taxonomy :\n Elon Musk', 'Unified Twitter Taxonomy :\n Tech personalities', 'Unified Twitter Taxonomy :\n Business personalities']"
1643539690136702978,@Chad_Hurley Of üí¶,2023-04-05 09:02:52+00:00,"{'retweet_count': 599, 'reply_count': 1235, 'like_count': 10510, 'quote_count': 87, 'impression_count': 3709767}",14749070,"['Person :\n Chad Hurley', 'Business Taxonomy :\n Financial Services Business', 'Business Taxonomy :\n Technology Business', 'Interests and Hobbies Vertical :\n Business & finance', 'Interests and Hobbies Vertical :\n Business & finance', 'Interests and Hobbies Category :\n Leadership', 'Entities [Entity Service] :\n Technology', 'Unified Twitter Taxonomy :\n Chad Hurley', 'Unified Twitter Taxonomy :\n Business personalities', 'Person :\n Elon Musk', 'Interests and Hobbies Vertical :\n Business & finance', 'Interests and Hobbies Category :\n Leadership', 'Unified Twitter Taxonomy :\n Elon Musk', 'Unified Twitter Taxonomy :\n Tech personalities', 'Unified Twitter Taxonomy :\n Business personalities']"
1643510433192755200,@BogusThought ü§£,2023-04-05 07:06:36+00:00,"{'retweet_count': 145, 'reply_count': 232, 'like_count': 4640, 'quote_count': 14, 'impression_count': 322151}",1266489338675646464,"['Business Taxonomy :\n Financial Services Business', 'Business Taxonomy :\n Technology Business', 'Person :\n Elon Musk', 'Interests and Hobbies Vertical :\n Business & finance', 'Interests and Hobbies Category :\n Leadership', 'Unified Twitter Taxonomy :\n Elon Musk', 'Unified Twitter Taxonomy :\n Tech personalities', 'Unified Twitter Taxonomy :\n Business personalities']"
1643509178986799104,@bennyjohnson @NPR Seems accurate https://t.co/nx5TmJY7GX,2023-04-05 07:01:37+00:00,"{'retweet_count': 10850, 'reply_count': 4263, 'like_count': 90476, 'quote_count': 597, 'impression_count': 4194739}",15212187,"['Person :\n Benny Johnson', 'Business Taxonomy :\n Financial Services Business', 'Business Taxonomy :\n Publisher & News Business', 'Business Taxonomy :\n Technology Business', 'Brand :\n NPR', 'Unified Twitter Taxonomy :\n News', 'Unified Twitter Taxonomy :\n NPR', 'Unified Twitter Taxonomy :\n Journalists', 'Unified Twitter Taxonomy :\n Benny Johnson', 'Unified Twitter Taxonomy :\n News outlets', 'Person :\n Elon Musk', 'Interests and Hobbies Vertical :\n Business & finance', 'Interests and Hobbies Category :\n Leadership', 'Unified Twitter Taxonomy :\n Elon Musk', 'Unified Twitter Taxonomy :\n Tech personalities', 'Unified Twitter Taxonomy :\n Business personalities']"
1643508009392562178,@jjvincent lol,2023-04-05 06:56:58+00:00,"{'retweet_count': 69, 'reply_count': 63, 'like_count': 936, 'quote_count': 7, 'impression_count': 66232}",237920763,"['Business Taxonomy :\n Financial Services Business', 'Business Taxonomy :\n Technology Business', 'Person :\n Elon Musk', 'Interests and Hobbies Vertical :\n Business & finance', 'Interests and Hobbies Category :\n Leadership', 'Unified Twitter Taxonomy :\n Elon Musk', 'Unified Twitter Taxonomy :\n Tech personalities', 'Unified Twitter Taxonomy :\n Business personalities']"
1643446260861669377,@Umbisam Brand is the cumulative perception of a company‚Äôs products over time,2023-04-05 02:51:37+00:00,"{'retweet_count': 1988, 'reply_count': 1502, 'like_count': 23172, 'quote_count': 138, 'impression_count': 2070649}",431831209,"['Business Taxonomy :\n Financial Services Business', 'Business Taxonomy :\n Technology Business', 'Person :\n Elon Musk', 'Interests and Hobbies Vertical :\n Business & finance', 'Interests and Hobbies Category :\n Leadership', 'Unified Twitter Taxonomy :\n Elon Musk', 'Unified Twitter Taxonomy :\n Tech personalities', 'Unified Twitter Taxonomy :\n Business personalities']"
1643349008163966976,@TitterDaily First I‚Äôve heard about this. Did they identify what content they‚Äôre concerned about?,2023-04-04 20:25:10+00:00,"{'retweet_count': 305, 'reply_count': 449, 'like_count': 3201, 'quote_count': 60, 'impression_count': 277708}",752567226,"['Business Taxonomy :\n Financial Services Business', 'Business Taxonomy :\n Technology Business', 'Person :\n Elon Musk', 'Interests and Hobbies Vertical :\n Business & finance', 'Interests and Hobbies Category :\n Leadership', 'Unified Twitter Taxonomy :\n Elon Musk', 'Unified Twitter Taxonomy :\n Tech personalities', 'Unified Twitter Taxonomy :\n Business personalities']"
1643342988477595649,"@AdamLowisz @David_Leavitt @BillyM2k Agreed. The moral guiding star should be to stop racism, not replace one form of it with another, as some have done.",2023-04-04 20:01:14+00:00,"{'retweet_count': 1045, 'reply_count': 454, 'like_count': 9689, 'quote_count': 75, 'impression_count': 415503}",17050482,"['Business Taxonomy :\n Financial Services Business', 'Business Taxonomy :\n Technology Business', 'Person :\n Elon Musk', 'Interests and Hobbies Vertical :\n Business & finance', 'Interests and Hobbies Category :\n Leadership', 'Unified Twitter Taxonomy :\n Elon Musk', 'Unified Twitter Taxonomy :\n Tech personalities', 'Unified Twitter Taxonomy :\n Business personalities']"
1643342306941063174,@TEQNiKG @David_Leavitt @BillyM2k ü§£,2023-04-04 19:58:32+00:00,"{'retweet_count': 83, 'reply_count': 102, 'like_count': 1869, 'quote_count': 7, 'impression_count': 159885}",259935768,"['Business Taxonomy :\n Financial Services Business', 'Business Taxonomy :\n Technology Business', 'Person :\n Elon Musk', 'Interests and Hobbies Vertical :\n Business & finance', 'Interests and Hobbies Category :\n Leadership', 'Unified Twitter Taxonomy :\n Elon Musk', 'Unified Twitter Taxonomy :\n Tech personalities', 'Unified Twitter Taxonomy :\n Business personalities']"
1643341788617342981,@jachiam0 Very true,2023-04-04 19:56:28+00:00,"{'retweet_count': 226, 'reply_count': 153, 'like_count': 3140, 'quote_count': 11, 'impression_count': 752005}",966815073690730496,"['Business Taxonomy :\n Financial Services Business', 'Business Taxonomy :\n Technology Business', 'Person :\n Elon Musk', 'Interests and Hobbies Vertical :\n Business & finance', 'Interests and Hobbies Category :\n Leadership', 'Unified Twitter Taxonomy :\n Elon Musk', 'Unified Twitter Taxonomy :\n Tech personalities', 'Unified Twitter Taxonomy :\n Business personalities']"
1643340428987576321,"@David_Leavitt @BillyM2k The rules are consistent. Even though I think you‚Äôre awful and I consider Billy Markus to be a friend, he still had to delete his post or be suspended.",2023-04-04 19:51:04+00:00,"{'retweet_count': 2606, 'reply_count': 1645, 'like_count': 51397, 'quote_count': 143, 'impression_count': 3387089}",63514682,"['Business Taxonomy :\n Financial Services Business', 'Business Taxonomy :\n Technology Business', 'Person :\n Elon Musk', 'Interests and Hobbies Vertical :\n Business & finance', 'Interests and Hobbies Category :\n Leadership', 'Unified Twitter Taxonomy :\n Elon Musk', 'Unified Twitter Taxonomy :\n Tech personalities', 'Unified Twitter Taxonomy :\n Business personalities']"
1643338514061295618,"@SenSchumer To avoid losing the trust of the American public, it is important that our justice system pursue Democrats and Republicans with equal vigor.

Whichever party most puts justice before nepotism is the one that deserves trust.",2023-04-04 19:43:28+00:00,"{'retweet_count': 30198, 'reply_count': 10743, 'like_count': 234539, 'quote_count': 1494, 'impression_count': 8871007}",17494010,"['Business Taxonomy :\n Financial Services Business', 'Business Taxonomy :\n Technology Business', 'Person :\n Elon Musk', 'Person :\n Chuck Schumer', 'Politician :\n Chuck Schumer', 'Interests and Hobbies Vertical :\n Business & finance', 'Interests and Hobbies Category :\n Leadership', 'Unified Twitter Taxonomy :\n Elon Musk', 'Unified Twitter Taxonomy :\n Politics', 'Unified Twitter Taxonomy :\n Chuck Schumer', 'Unified Twitter Taxonomy :\n Political figures', 'Unified Twitter Taxonomy :\n Tech personalities', 'Unified Twitter Taxonomy :\n Business personalities']"
1643337324355305472,@ShellenbergerMD !,2023-04-04 19:38:44+00:00,"{'retweet_count': 367, 'reply_count': 334, 'like_count': 5794, 'quote_count': 16, 'impression_count': 999022}",2474749586,"['Business Taxonomy :\n Financial Services Business', 'Business Taxonomy :\n Technology Business', 'Person :\n Elon Musk', 'Interests and Hobbies Vertical :\n Business & finance', 'Interests and Hobbies Category :\n Leadership', 'Unified Twitter Taxonomy :\n Elon Musk', 'Unified Twitter Taxonomy :\n Tech personalities', 'Unified Twitter Taxonomy :\n Business personalities']"
1643336350735761415,@TheBabylonBee ü§£ü§£,2023-04-04 19:34:52+00:00,"{'retweet_count': 1721, 'reply_count': 504, 'like_count': 33033, 'quote_count': 33, 'impression_count': 1972253}",4914384040,"['Business Taxonomy :\n Financial Services Business', 'Business Taxonomy :\n Technology Business', 'Person :\n Elon Musk', 'Interests and Hobbies Vertical :\n Business & finance', 'Interests and Hobbies Category :\n Leadership', 'Unified Twitter Taxonomy :\n Elon Musk', 'Unified Twitter Taxonomy :\n Tech personalities', 'Unified Twitter Taxonomy :\n Business personalities']"
1643335710840070148,"@SawyerMerritt @Tesla Tesla will continue to use outside litigators, but it‚Äôs important to build a powerful litigation team internally, so that we‚Äôre not always on the defensive. 

We‚Äôll also go after the Wall St short-sellers, certain law firms &amp; (sometimes) corrupt regulators who are the true evil.",2023-04-04 19:32:19+00:00,"{'retweet_count': 5113, 'reply_count': 2748, 'like_count': 40043, 'quote_count': 555, 'impression_count': 3567941}",243013409,"['Business Taxonomy :\n Automotive, Aircraft & Boat Business', 'Business Taxonomy :\n Financial Services Business', 'Business Taxonomy :\n Technology Business', 'Person :\n Elon Musk', 'Entities [Entity Service] :\n Auto Manufacturer - Auto', 'Brand :\n Tesla Motors', 'Interests and Hobbies Vertical :\n Business & finance', 'Interests and Hobbies Vertical :\n Automotive', 'Interests and Hobbies Category :\n Hybrid and electric vehicles', 'Interests and Hobbies Category :\n Luxury Cars', 'Interests and Hobbies Category :\n Leadership', 'Unified Twitter Taxonomy :\n Tesla Motors', 'Unified Twitter Taxonomy :\n Elon Musk', 'Unified Twitter Taxonomy :\n Automotive', 'Unified Twitter Taxonomy :\n Tech personalities', 'Unified Twitter Taxonomy :\n Business personalities', 'Unified Twitter Taxonomy :\n Automobile Brands']"
1643330932936409088,@TheBabylonBee ü§£,2023-04-04 19:13:20+00:00,"{'retweet_count': 534, 'reply_count': 331, 'like_count': 13177, 'quote_count': 20, 'impression_count': 1281445}",4914384040,"['Business Taxonomy :\n Financial Services Business', 'Business Taxonomy :\n Technology Business', 'Person :\n Elon Musk', 'Interests and Hobbies Vertical :\n Business & finance', 'Interests and Hobbies Category :\n Leadership', 'Unified Twitter Taxonomy :\n Elon Musk', 'Unified Twitter Taxonomy :\n Tech personalities', 'Unified Twitter Taxonomy :\n Business personalities']"
1643323285982289920,@yhazony straing daze theze r,2023-04-04 18:42:57+00:00,"{'retweet_count': 1336, 'reply_count': 907, 'like_count': 21038, 'quote_count': 75, 'impression_count': 2309594}",391534562,"['Business Taxonomy :\n Financial Services Business', 'Business Taxonomy :\n Technology Business', 'Person :\n Elon Musk', 'Interests and Hobbies Vertical :\n Business & finance', 'Interests and Hobbies Category :\n Leadership', 'Unified Twitter Taxonomy :\n Elon Musk', 'Unified Twitter Taxonomy :\n Tech personalities', 'Unified Twitter Taxonomy :\n Business personalities']"
1643176648446181376,@krishnanrohit True,2023-04-04 09:00:16+00:00,"{'retweet_count': 289, 'reply_count': 448, 'like_count': 5123, 'quote_count': 21, 'impression_count': 1103383}",226576706,"['Business Taxonomy :\n Financial Services Business', 'Business Taxonomy :\n Technology Business', 'Person :\n Elon Musk', 'Interests and Hobbies Vertical :\n Business & finance', 'Interests and Hobbies Category :\n Leadership', 'Unified Twitter Taxonomy :\n Elon Musk', 'Unified Twitter Taxonomy :\n Tech personalities', 'Unified Twitter Taxonomy :\n Business personalities']"
1643170684343029765,@alyssamvance ü§£ true,2023-04-04 08:36:34+00:00,"{'retweet_count': 219, 'reply_count': 288, 'like_count': 3947, 'quote_count': 15, 'impression_count': 989174}",1427516209268858880,"['Business Taxonomy :\n Financial Services Business', 'Business Taxonomy :\n Technology Business', 'Person :\n Elon Musk', 'Interests and Hobbies Vertical :\n Business & finance', 'Interests and Hobbies Category :\n Leadership', 'Unified Twitter Taxonomy :\n Elon Musk', 'Unified Twitter Taxonomy :\n Tech personalities', 'Unified Twitter Taxonomy :\n Business personalities']"
1643170379580723200,@planet4589 Spending time in deep space doesn‚Äôt seem to affect lifespan,2023-04-04 08:35:21+00:00,"{'retweet_count': 1257, 'reply_count': 1903, 'like_count': 20282, 'quote_count': 109, 'impression_count': 3415984}",19355829,"['Business Taxonomy :\n Financial Services Business', 'Business Taxonomy :\n Technology Business', 'Person :\n Elon Musk', 'Interests and Hobbies Vertical :\n Business & finance', 'Interests and Hobbies Category :\n Leadership', 'Unified Twitter Taxonomy :\n Elon Musk', 'Unified Twitter Taxonomy :\n Tech personalities', 'Unified Twitter Taxonomy :\n Business personalities']"
1643144343254110209,"@ikristoph @brickroad7 Team is closing the loop on interventions very rapidly. To get enough training examples for potential serious accidents, we have to run them in sim, as we have so few in the fleet, despite doing ~1M miles per day of FSD.",2023-04-04 06:51:54+00:00,"{'retweet_count': 356, 'reply_count': 299, 'like_count': 3771, 'quote_count': 74, 'impression_count': 952738}",14862843,"['Business Taxonomy :\n Financial Services Business', 'Business Taxonomy :\n Sports & Fitness Business', 'Business Taxonomy :\n Technology Business', 'Person :\n Elon Musk', 'Interests and Hobbies Vertical :\n Business & finance', 'Interests and Hobbies Category :\n Leadership', 'Unified Twitter Taxonomy :\n Elon Musk', 'Unified Twitter Taxonomy :\n Tech personalities', 'Unified Twitter Taxonomy :\n Business personalities']"
1643143368749498368,"@brickroad7 Yup, happening in plain sight",2023-04-04 06:48:01+00:00,"{'retweet_count': 1118, 'reply_count': 1106, 'like_count': 18125, 'quote_count': 69, 'impression_count': 2188797}",1344993061588361216,"['Business Taxonomy :\n Financial Services Business', 'Business Taxonomy :\n Technology Business', 'Person :\n Elon Musk', 'Interests and Hobbies Vertical :\n Business & finance', 'Interests and Hobbies Category :\n Leadership', 'Unified Twitter Taxonomy :\n Elon Musk', 'Unified Twitter Taxonomy :\n Tech personalities', 'Unified Twitter Taxonomy :\n Business personalities']"
1643134548874788864,@EvaFoxU ‚ö†Ô∏è,2023-04-04 06:12:59+00:00,"{'retweet_count': 535, 'reply_count': 856, 'like_count': 8140, 'quote_count': 49, 'impression_count': 1301781}",959471389282578432,"['Business Taxonomy :\n Financial Services Business', 'Business Taxonomy :\n Technology Business', 'Person :\n Elon Musk', 'Interests and Hobbies Vertical :\n Business & finance', 'Interests and Hobbies Category :\n Leadership', 'Unified Twitter Taxonomy :\n Elon Musk', 'Unified Twitter Taxonomy :\n Tech personalities', 'Unified Twitter Taxonomy :\n Business personalities']"
1643134172456980481,@cb_doge I‚Äôve been saying this for over a decade,2023-04-04 06:11:29+00:00,"{'retweet_count': 4760, 'reply_count': 4100, 'like_count': 71347, 'quote_count': 242, 'impression_count': 4281445}",1389913567671975937,"['Business Taxonomy :\n Financial Services Business', 'Business Taxonomy :\n Technology Business', 'Person :\n Elon Musk', 'Interests and Hobbies Vertical :\n Business & finance', 'Interests and Hobbies Category :\n Leadership', 'Unified Twitter Taxonomy :\n Elon Musk', 'Unified Twitter Taxonomy :\n Tech personalities', 'Unified Twitter Taxonomy :\n Business personalities']"
1643069061188952064,@BillyM2k Very true,2023-04-04 01:52:45+00:00,"{'retweet_count': 981, 'reply_count': 592, 'like_count': 14862, 'quote_count': 26, 'impression_count': 1539434}",30699048,"['Business Taxonomy :\n Financial Services Business', 'Business Taxonomy :\n Technology Business', 'Person :\n Elon Musk', 'Interests and Hobbies Vertical :\n Business & finance', 'Interests and Hobbies Category :\n Leadership', 'Unified Twitter Taxonomy :\n Elon Musk', 'Unified Twitter Taxonomy :\n Tech personalities', 'Unified Twitter Taxonomy :\n Business personalities']"
1643018921627492352,@Jason Probably correct,2023-04-03 22:33:31+00:00,"{'retweet_count': 300, 'reply_count': 295, 'like_count': 4906, 'quote_count': 20, 'impression_count': 998513}",3840,"['Business Taxonomy :\n Financial Services Business', 'Business Taxonomy :\n Technology Business', 'Person :\n Elon Musk', 'Interests and Hobbies Vertical :\n Business & finance', 'Interests and Hobbies Category :\n Leadership', 'Unified Twitter Taxonomy :\n Elon Musk', 'Unified Twitter Taxonomy :\n Tech personalities', 'Unified Twitter Taxonomy :\n Business personalities']"
1643018627426439169,"@WholeMarsBlog If we had been allowed to introduce new evidence, the verdict would‚Äôve been zero imo.

Jury did the best they could with the information they had. I respect the decision.",2023-04-03 22:32:21+00:00,"{'retweet_count': 1520, 'reply_count': 792, 'like_count': 26211, 'quote_count': 55, 'impression_count': 2212248}",1263491240336769026,"['Business Taxonomy :\n Financial Services Business', 'Business Taxonomy :\n Technology Business', 'Person :\n Elon Musk', 'Interests and Hobbies Vertical :\n Business & finance', 'Interests and Hobbies Category :\n Leadership', 'Unified Twitter Taxonomy :\n Elon Musk', 'Unified Twitter Taxonomy :\n Tech personalities', 'Unified Twitter Taxonomy :\n Business personalities']"
1643017751773220864,@LanceUlanoff ü§£,2023-04-03 22:28:52+00:00,"{'retweet_count': 83, 'reply_count': 171, 'like_count': 1714, 'quote_count': 11, 'impression_count': 117195}",1501471,"['Person :\n Lance Ulanoff', 'Business Taxonomy :\n Financial Services Business', 'Business Taxonomy :\n Technology Business', 'Journalist :\n Lance Ulanoff', 'Unified Twitter Taxonomy :\n News', 'Unified Twitter Taxonomy :\n Lance Ulanoff', 'Unified Twitter Taxonomy :\n Journalists', 'Person :\n Elon Musk', 'Interests and Hobbies Vertical :\n Business & finance', 'Interests and Hobbies Category :\n Leadership', 'Unified Twitter Taxonomy :\n Elon Musk', 'Unified Twitter Taxonomy :\n Tech personalities', 'Unified Twitter Taxonomy :\n Business personalities']"
1643016420287193088,@eCash1337 @TheRabbitHole84 ü§£,2023-04-03 22:23:35+00:00,"{'retweet_count': 70, 'reply_count': 65, 'like_count': 1428, 'quote_count': 6, 'impression_count': 89926}",1366554872162656259,"['Business Taxonomy :\n Financial Services Business', 'Business Taxonomy :\n Technology Business', 'Person :\n Elon Musk', 'Interests and Hobbies Vertical :\n Business & finance', 'Interests and Hobbies Category :\n Leadership', 'Unified Twitter Taxonomy :\n Elon Musk', 'Unified Twitter Taxonomy :\n Tech personalities', 'Unified Twitter Taxonomy :\n Business personalities']"
1643002118876590080,@TheRabbitHole84 Wise words. The technology finally exists to change that.,2023-04-03 21:26:45+00:00,"{'retweet_count': 3155, 'reply_count': 1164, 'like_count': 30988, 'quote_count': 130, 'impression_count': 1698369}",1485689970593468416,"['Entities [Entity Service] :\n Services', 'Business Taxonomy :\n Financial Services Business', 'Business Taxonomy :\n Technology Business', 'Product :\n Google Innovation', 'Person :\n Elon Musk', 'Interests and Hobbies Vertical :\n Business & finance', 'Interests and Hobbies Category :\n Leadership', 'Unified Twitter Taxonomy :\n Elon Musk', 'Unified Twitter Taxonomy :\n Tech personalities', 'Unified Twitter Taxonomy :\n Business personalities']"
1643001067356192768,@andst7 @CommunityNotes Thanks for the correction,2023-04-03 21:22:34+00:00,"{'retweet_count': 243, 'reply_count': 196, 'like_count': 4643, 'quote_count': 16, 'impression_count': 742546}",541882699,"['Business Taxonomy :\n Financial Services Business', 'Business Taxonomy :\n Technology Business', 'Person :\n Elon Musk', 'Interests and Hobbies Vertical :\n Business & finance', 'Interests and Hobbies Category :\n Leadership', 'Unified Twitter Taxonomy :\n Elon Musk', 'Unified Twitter Taxonomy :\n Tech personalities', 'Unified Twitter Taxonomy :\n Business personalities']"
1642997390490898432,@jborg_arts Why would anyone who doesn‚Äôt live in New York care about their times!? I‚Äôm confused.,2023-04-03 21:07:57+00:00,"{'retweet_count': 3377, 'reply_count': 3161, 'like_count': 58380, 'quote_count': 279, 'impression_count': 4368973}",1136886740424073216,"['Business Taxonomy :\n Financial Services Business', 'Business Taxonomy :\n Technology Business', 'Person :\n Elon Musk', 'Interests and Hobbies Vertical :\n Business & finance', 'Interests and Hobbies Category :\n Leadership', 'Unified Twitter Taxonomy :\n Elon Musk', 'Unified Twitter Taxonomy :\n Tech personalities', 'Unified Twitter Taxonomy :\n Business personalities']"
1642995793320869888,@TheRabbitHole84 They voluntarily did exactly what I wanted them to do https://t.co/MqOSLaXk7l,2023-04-03 21:01:37+00:00,"{'retweet_count': 2143, 'reply_count': 2303, 'like_count': 32280, 'quote_count': 278, 'impression_count': 4446753}",1485689970593468416,"['Business Taxonomy :\n Financial Services Business', 'Business Taxonomy :\n Technology Business', 'Person :\n Elon Musk', 'Interests and Hobbies Vertical :\n Business & finance', 'Interests and Hobbies Category :\n Leadership', 'Unified Twitter Taxonomy :\n Elon Musk', 'Unified Twitter Taxonomy :\n Tech personalities', 'Unified Twitter Taxonomy :\n Business personalities']"
1642994943949172736,@arjansiddhpura @kcoleman @ScottAdamsSays Yes,2023-04-03 20:58:14+00:00,"{'retweet_count': 60, 'reply_count': 64, 'like_count': 1174, 'quote_count': 9, 'impression_count': 73311}",1071495381765128192,"['Person :\n Scott Adams', 'Business Taxonomy :\n Financial Services Business', 'Business Taxonomy :\n Technology Business', 'Entertainment Personality :\n Scott Adams', 'Unified Twitter Taxonomy :\n Comic artists & writers', 'Unified Twitter Taxonomy :\n Scott Adams', 'Person :\n Elon Musk', 'Interests and Hobbies Vertical :\n Business & finance', 'Interests and Hobbies Category :\n Leadership', 'Unified Twitter Taxonomy :\n Elon Musk', 'Unified Twitter Taxonomy :\n Tech personalities', 'Unified Twitter Taxonomy :\n Business personalities']"
1642991603093737473,@TheRabbitHole84 It is media‚Äôs control of what to write about in the first place that is far more insidious than having some facts wrong in an article,2023-04-03 20:44:58+00:00,"{'retweet_count': 7373, 'reply_count': 2062, 'like_count': 59823, 'quote_count': 298, 'impression_count': 5946117}",1485689970593468416,"['Business Taxonomy :\n Financial Services Business', 'Business Taxonomy :\n Technology Business', 'Person :\n Elon Musk', 'Interests and Hobbies Vertical :\n Business & finance', 'Interests and Hobbies Category :\n Leadership', 'Unified Twitter Taxonomy :\n Elon Musk', 'Unified Twitter Taxonomy :\n Tech personalities', 'Unified Twitter Taxonomy :\n Business personalities']"
1642988838510534656,@mayemusk ü§£,2023-04-03 20:33:59+00:00,"{'retweet_count': 455, 'reply_count': 651, 'like_count': 10965, 'quote_count': 26, 'impression_count': 1121781}",14171401,"['Business Taxonomy :\n Financial Services Business', 'Business Taxonomy :\n Technology Business', 'Person :\n Elon Musk', 'Interests and Hobbies Vertical :\n Business & finance', 'Interests and Hobbies Category :\n Leadership', 'Unified Twitter Taxonomy :\n Elon Musk', 'Unified Twitter Taxonomy :\n Tech personalities', 'Unified Twitter Taxonomy :\n Business personalities']"
1642987181219381249,@dogeofficialceo üòé,2023-04-03 20:27:23+00:00,"{'retweet_count': 687, 'reply_count': 618, 'like_count': 19185, 'quote_count': 39, 'impression_count': 1588354}",1355945100216573952,"['Business Taxonomy :\n Financial Services Business', 'Business Taxonomy :\n Technology Business', 'Person :\n Elon Musk', 'Interests and Hobbies Vertical :\n Business & finance', 'Interests and Hobbies Category :\n Leadership', 'Unified Twitter Taxonomy :\n Elon Musk', 'Unified Twitter Taxonomy :\n Tech personalities', 'Unified Twitter Taxonomy :\n Business personalities']"
1642985431146041346,@JoeyMooose Nope,2023-04-03 20:20:26+00:00,"{'retweet_count': 326, 'reply_count': 547, 'like_count': 10010, 'quote_count': 22, 'impression_count': 493264}",1428187867025657870,"['Business Taxonomy :\n Financial Services Business', 'Business Taxonomy :\n Technology Business', 'Person :\n Elon Musk', 'Interests and Hobbies Vertical :\n Business & finance', 'Interests and Hobbies Category :\n Leadership', 'Unified Twitter Taxonomy :\n Elon Musk', 'Unified Twitter Taxonomy :\n Tech personalities', 'Unified Twitter Taxonomy :\n Business personalities']"
1642985006678302722,@ylecun üòë,2023-04-03 20:18:45+00:00,"{'retweet_count': 52, 'reply_count': 114, 'like_count': 1155, 'quote_count': 9, 'impression_count': 119491}",48008938,"['Business Taxonomy :\n Financial Services Business', 'Business Taxonomy :\n Technology Business', 'Person :\n Elon Musk', 'Interests and Hobbies Vertical :\n Business & finance', 'Interests and Hobbies Category :\n Leadership', 'Unified Twitter Taxonomy :\n Elon Musk', 'Unified Twitter Taxonomy :\n Tech personalities', 'Unified Twitter Taxonomy :\n Business personalities']"
1642979534185304064,@Chad_Hurley Video too,2023-04-03 19:57:00+00:00,"{'retweet_count': 68, 'reply_count': 116, 'like_count': 1219, 'quote_count': 7, 'impression_count': 92151}",44196397,"['Person :\n Chad Hurley', 'Business Taxonomy :\n Financial Services Business', 'Business Taxonomy :\n Technology Business', 'Interests and Hobbies Vertical :\n Business & finance', 'Interests and Hobbies Vertical :\n Business & finance', 'Interests and Hobbies Category :\n Leadership', 'Entities [Entity Service] :\n Technology', 'Unified Twitter Taxonomy :\n Chad Hurley', 'Unified Twitter Taxonomy :\n Business personalities', 'Person :\n Elon Musk', 'Interests and Hobbies Vertical :\n Business & finance', 'Interests and Hobbies Category :\n Leadership', 'Unified Twitter Taxonomy :\n Elon Musk', 'Unified Twitter Taxonomy :\n Tech personalities', 'Unified Twitter Taxonomy :\n Business personalities']"
1642979476085817344,@Chad_Hurley üíØ,2023-04-03 19:56:46+00:00,"{'retweet_count': 201, 'reply_count': 191, 'like_count': 3753, 'quote_count': 11, 'impression_count': 741660}",14749070,"['Person :\n Chad Hurley', 'Business Taxonomy :\n Financial Services Business', 'Business Taxonomy :\n Technology Business', 'Interests and Hobbies Vertical :\n Business & finance', 'Interests and Hobbies Vertical :\n Business & finance', 'Interests and Hobbies Category :\n Leadership', 'Entities [Entity Service] :\n Technology', 'Unified Twitter Taxonomy :\n Chad Hurley', 'Unified Twitter Taxonomy :\n Business personalities', 'Person :\n Elon Musk', 'Interests and Hobbies Vertical :\n Business & finance', 'Interests and Hobbies Category :\n Leadership', 'Unified Twitter Taxonomy :\n Elon Musk', 'Unified Twitter Taxonomy :\n Tech personalities', 'Unified Twitter Taxonomy :\n Business personalities']"
1642977912784834560,@ShellenbergerMD Interesting,2023-04-03 19:50:34+00:00,"{'retweet_count': 1678, 'reply_count': 550, 'like_count': 18338, 'quote_count': 25, 'impression_count': 1419979}",2474749586,"['Business Taxonomy :\n Financial Services Business', 'Business Taxonomy :\n Technology Business', 'Person :\n Elon Musk', 'Interests and Hobbies Vertical :\n Business & finance', 'Interests and Hobbies Category :\n Leadership', 'Unified Twitter Taxonomy :\n Elon Musk', 'Unified Twitter Taxonomy :\n Tech personalities', 'Unified Twitter Taxonomy :\n Business personalities']"
1642977832417775616,@KanekoaTheGreat Wow,2023-04-03 19:50:14+00:00,"{'retweet_count': 1398, 'reply_count': 378, 'like_count': 15338, 'quote_count': 30, 'impression_count': 1231191}",1085225533623783424,"['Business Taxonomy :\n Financial Services Business', 'Business Taxonomy :\n Technology Business', 'Person :\n Elon Musk', 'Interests and Hobbies Vertical :\n Business & finance', 'Interests and Hobbies Category :\n Leadership', 'Unified Twitter Taxonomy :\n Elon Musk', 'Unified Twitter Taxonomy :\n Tech personalities', 'Unified Twitter Taxonomy :\n Business personalities']"
1642977589240418304,@BillFOXLA @HildaSolis @LindseyPHorvath !,2023-04-03 19:49:16+00:00,"{'retweet_count': 115, 'reply_count': 77, 'like_count': 1283, 'quote_count': 8, 'impression_count': 71671}",1071585991,"['Business Taxonomy :\n Financial Services Business', 'Business Taxonomy :\n Technology Business', 'Person :\n Elon Musk', 'Interests and Hobbies Vertical :\n Business & finance', 'Interests and Hobbies Category :\n Leadership', 'Unified Twitter Taxonomy :\n Elon Musk', 'Unified Twitter Taxonomy :\n Tech personalities', 'Unified Twitter Taxonomy :\n Business personalities']"
1642976597929246721,@TheRabbitHole84 !,2023-04-03 19:45:20+00:00,"{'retweet_count': 548, 'reply_count': 703, 'like_count': 13199, 'quote_count': 37, 'impression_count': 1768087}",1485689970593468416,"['Business Taxonomy :\n Financial Services Business', 'Business Taxonomy :\n Technology Business', 'Person :\n Elon Musk', 'Interests and Hobbies Vertical :\n Business & finance', 'Interests and Hobbies Category :\n Leadership', 'Unified Twitter Taxonomy :\n Elon Musk', 'Unified Twitter Taxonomy :\n Tech personalities', 'Unified Twitter Taxonomy :\n Business personalities']"
1642975506437111809,@PeterDiamandis @cb_doge I ate three times body weight in donuts!,2023-04-03 19:41:00+00:00,"{'retweet_count': 895, 'reply_count': 2085, 'like_count': 24001, 'quote_count': 138, 'impression_count': 2170822}",14710129,"['Business Taxonomy :\n Financial Services Business', 'Business Taxonomy :\n Technology Business', 'Person :\n Elon Musk', 'Interests and Hobbies Vertical :\n Business & finance', 'Interests and Hobbies Category :\n Leadership', 'Unified Twitter Taxonomy :\n Elon Musk', 'Unified Twitter Taxonomy :\n Tech personalities', 'Unified Twitter Taxonomy :\n Business personalities']"
1642962723637194752,@dogeofficialceo Nice,2023-04-03 18:50:12+00:00,"{'retweet_count': 948, 'reply_count': 803, 'like_count': 15172, 'quote_count': 55, 'impression_count': 2408524}",1355945100216573952,"['Business Taxonomy :\n Financial Services Business', 'Business Taxonomy :\n Technology Business', 'Person :\n Elon Musk', 'Interests and Hobbies Vertical :\n Business & finance', 'Interests and Hobbies Category :\n Leadership', 'Unified Twitter Taxonomy :\n Elon Musk', 'Unified Twitter Taxonomy :\n Tech personalities', 'Unified Twitter Taxonomy :\n Business personalities']"
1642747470257201153,@DavidSacks Concur,2023-04-03 04:34:52+00:00,"{'retweet_count': 173, 'reply_count': 255, 'like_count': 2940, 'quote_count': 20, 'impression_count': 323624}",1137701,"['Business Taxonomy :\n Financial Services Business', 'Business Taxonomy :\n Technology Business', 'Person :\n Elon Musk', 'Interests and Hobbies Vertical :\n Business & finance', 'Interests and Hobbies Category :\n Leadership', 'Unified Twitter Taxonomy :\n Elon Musk', 'Unified Twitter Taxonomy :\n Tech personalities', 'Unified Twitter Taxonomy :\n Business personalities']"
1642742984348438529,@TheBabylonBee ü§£,2023-04-03 04:17:02+00:00,"{'retweet_count': 420, 'reply_count': 376, 'like_count': 11555, 'quote_count': 23, 'impression_count': 1108763}",4914384040,"['Business Taxonomy :\n Financial Services Business', 'Business Taxonomy :\n Technology Business', 'Person :\n Elon Musk', 'Interests and Hobbies Vertical :\n Business & finance', 'Interests and Hobbies Category :\n Leadership', 'Unified Twitter Taxonomy :\n Elon Musk', 'Unified Twitter Taxonomy :\n Tech personalities', 'Unified Twitter Taxonomy :\n Business personalities']"
1642709295203774465,@boringcompany @TUM_Boring Well done!,2023-04-03 02:03:10+00:00,"{'retweet_count': 396, 'reply_count': 296, 'like_count': 7789, 'quote_count': 24, 'impression_count': 860598}",859816394556284929,"['Business Taxonomy :\n Financial Services Business', 'Business Taxonomy :\n Technology Business', 'Person :\n Elon Musk', 'Interests and Hobbies Vertical :\n Business & finance', 'Interests and Hobbies Category :\n Leadership', 'Unified Twitter Taxonomy :\n Elon Musk', 'Unified Twitter Taxonomy :\n Tech personalities', 'Unified Twitter Taxonomy :\n Business personalities']"
1642696342832312321,"@ylecun Actually, airplanes used to crash frequently!

Eventually, so many people died that the FAA was created to ensure that commercial aircraft makers &amp; airlines didn‚Äôt cut corners on safety. 

Now, flying on an airliner in America is super safe.

https://t.co/WCs2IuMyGb",2023-04-03 01:11:42+00:00,"{'retweet_count': 2347, 'reply_count': 2328, 'like_count': 33621, 'quote_count': 233, 'impression_count': 4768589}",48008938,"['Business Taxonomy :\n Financial Services Business', 'Business Taxonomy :\n Technology Business', 'Person :\n Elon Musk', 'Interests and Hobbies Vertical :\n Business & finance', 'Interests and Hobbies Category :\n Leadership', 'Unified Twitter Taxonomy :\n Elon Musk', 'Unified Twitter Taxonomy :\n Tech personalities', 'Unified Twitter Taxonomy :\n Business personalities']"
1642693830708461568,@andst7 @aagalloni Good question,2023-04-03 01:01:43+00:00,"{'retweet_count': 372, 'reply_count': 361, 'like_count': 5370, 'quote_count': 22, 'impression_count': 452977}",541882699,"['Business Taxonomy :\n Financial Services Business', 'Business Taxonomy :\n Technology Business', 'Person :\n Elon Musk', 'Interests and Hobbies Vertical :\n Business & finance', 'Interests and Hobbies Category :\n Leadership', 'Unified Twitter Taxonomy :\n Elon Musk', 'Unified Twitter Taxonomy :\n Tech personalities', 'Unified Twitter Taxonomy :\n Business personalities']"
1642649192341590017,"@Austen @CommunityNotes Critically, Community Notes applies equally to every account on this platform without exception, including world leaders &amp; our biggest advertisers",2023-04-02 22:04:21+00:00,"{'retweet_count': 382, 'reply_count': 278, 'like_count': 4312, 'quote_count': 25, 'impression_count': 170360}",44196397,"['Business Taxonomy :\n Financial Services Business', 'Business Taxonomy :\n Technology Business', 'Person :\n Elon Musk', 'Interests and Hobbies Vertical :\n Business & finance', 'Interests and Hobbies Category :\n Leadership', 'Unified Twitter Taxonomy :\n Elon Musk', 'Unified Twitter Taxonomy :\n Tech personalities', 'Unified Twitter Taxonomy :\n Business personalities']"
